id,visa,company_id,comments,user_id,trans_type,from,to,file_name,state,export_at,created_at,updated_at,complete_at,complete_user,invoice,manifest_us,manifest_ace,truck_box,truck_plates,carrier,ramp,doda_number,update_at,ID,PART,QTY1,QTY2,QTY_TOTAL_MX,DATE,TRUCK,PRICE,WEIGHT_UNIT,ROLLS,YDS,SKIDS,CTNS,UNIPAKS,PLASTIC_CONTAINERS,CARTON_CONTAINERS,METAL_CONTAINERS,METAL_BUCKET,DRUMS,PIECES,CRATES,METAL_BASKET,ROLL,TOTAL,COMMENTS,TRANSACTION_ID,PICK_ITEM,ITEM_LOCATION,REF_ID,REF_TRANSACTION_ID,REF_UM_CONV,STORE_LOCATION,STORE_DT,LOAD_CHECK,DELETE_CHECK,UPDATE_CHECK,ADD_CHECK,SKIDS_PLUS,CTNS_PLUS,ROLLS_PLUS,LOT_NUM,BY_TOTAL,PROBLEM,LABEL_CHARGE,ROOT_ID,MOVE_TYPE,ROOT_QTY,LOT,REFERENCE,PART,SUB_PART,PART_CUMPLE,SUB_PART_CUMPLE,COMMENTS,COMPANY_ID,DESCRIPTION,ORIGIN_US,ORIGIN_MX,UM_US,UM_MX,UM_CONVERSION,HTS_MX,HTS_US,CODIGO,TIPO DE MATERIA,TIPO DE FACTURA,TIPO_DE_FACTURA,REGIMEN,IMPEXP_REGIMEN,FAMILIA,PICTURE,IMPEXP_CAPTURE,ENTRY_DT,ENTRY_USER,READY_US,READY_MX,US_PRICE,US_WEIGHT,DESCRIPTION_CLIENT,DESC_CUMPLE_US,DESC_OTHER,COO_FILE,PICTURES,CLIENT_APPROVAL_CHECK,IMPEXP_DT,IMPEXP_USER,IMPEXP_COMMENTS,MX_WEIGHT,MX_PRICE,MX_PART,MX_SUB_PART,CHECK_INQUEUE,ACTIVE,SUBMIT_DT,PIX_APPROVAL,PIX_APPROVAL_DT,PIX_PENDING,IS_FABRIC,INIT_USER,COUNTRY_ID,UNIT_ID,TYPE_ID,STATUS,ORIGINARIO,require_width,COST,LABOR
107555,61,1043,,140,VISA,CRISTINA SANCHEZ,IMP/EXP,,active,2025-01-27,0000-00-00 00:00:00,2025-01-24 18:01:22,0000-00-00 00:00:00,0,,,,,,,,,0000-00-00 00:00:00,996767,KWS103000-100-004-12-FRCN,100,0,,2025-01-13 15:48:08,,1,1,,,3,45,0,,,,,,,,,,,,107555,,,12702,,,,,,,0,,,,,K019228,1,,,,IN,100,M1N0005,,KWS103000-100-004-12-FRCN,PRODUCTO TERMINADO,,,,1043,SKN General Purpose PFD-Red Adult Cu/Screen/Sew,MX,,PZ,,,,,,,,,,,,,,,,,,,0.41,SKN General Purpose PFD-Red Adult Cu/Screen/Sew,,,,,,,,,,,KWS103000-100-004-12,FRCN,,1,,1,,,,,,,,,,,1.5,2.108
107555,61,1043,,140,VISA,CRISTINA SANCHEZ,IMP/EXP,,active,2025-01-27,0000-00-00 00:00:00,2025-01-24 18:01:22,0000-00-00 00:00:00,0,,,,,,,,,0000-00-00 00:00:00,996768,KWS103000-100-004-12-FRCN,100,0,,2025-01-13 15:48:08,,1,1,,,3,46,0,,,,,,,,,,,,107555,,,12702,,,,,,,0,,,,,K019228,1,,,,IN,100,M1N0005,,KWS103000-100-004-12-FRCN,PRODUCTO TERMINADO,,,,1043,SKN General Purpose PFD-Red Adult Cu/Screen/Sew,MX,,PZ,,,,,,,,,,,,,,,,,,,0.41,SKN General Purpose PFD-Red Adult Cu/Screen/Sew,,,,,,,,,,,KWS103000-100-004-12,FRCN,,1,,1,,,,,,,,,,,1.5,2.108
107555,61,1043,,140,VISA,CRISTINA SANCHEZ,IMP/EXP,,active,2025-01-27,0000-00-00 00:00:00,2025-01-24 18:01:22,0000-00-00 00:00:00,0,,,,,,,,,0000-00-00 00:00:00,996769,KWS103000-100-004-12-FRCN,100,0,,2025-01-13 15:48:08,,1,1,,,3,47,0,,,,,,,,,,,,107555,,,12702,,,,,,,0,,,,,K019228,1,,,,IN,100,M1N0005,,KWS103000-100-004-12-FRCN,PRODUCTO TERMINADO,,,,1043,SKN General Purpose PFD-Red Adult Cu/Screen/Sew,MX,,PZ,,,,,,,,,,,,,,,,,,,0.41,SKN General Purpose PFD-Red Adult Cu/Screen/Sew,,,,,,,,,,,KWS103000-100-004-12,FRCN,,1,,1,,,,,,,,,,,1.5,2.108
107555,61,1043,,140,VISA,CRISTINA SANCHEZ,IMP/EXP,,active,2025-01-27,0000-00-00 00:00:00,2025-01-24 18:01:22,0000-00-00 00:00:00,0,,,,,,,,,0000-00-00 00:00:00,996770,KWS103000-100-004-12-FRCN,100,0,,2025-01-13 15:48:09,,1,1,,,3,48,0,,,,,,,,,,,,107555,,,12702,,,,,,,0,,,,,K019228,1,,,,IN,100,M1N0005,,KWS103000-100-004-12-FRCN,PRODUCTO TERMINADO,,,,1043,SKN General Purpose PFD-Red Adult Cu/Screen/Sew,MX,,PZ,,,,,,,,,,,,,,,,,,,0.41,SKN General Purpose PFD-Red Adult Cu/Screen/Sew,,,,,,,,,,,KWS103000-100-004-12,FRCN,,1,,1,,,,,,,,,,,1.5,2.108
107555,61,1043,,140,VISA,CRISTINA SANCHEZ,IMP/EXP,,active,2025-01-27,0000-00-00 00:00:00,2025-01-24 18:01:22,0000-00-00 00:00:00,0,,,,,,,,,0000-00-00 00:00:00,996771,KWS103000-100-004-12-FRCN,100,0,,2025-01-13 15:48:09,,1,1,,,3,49,0,,,,,,,,,,,,107555,,,12702,,,,,,,0,,,,,K019228,1,,,,IN,100,M1N0005,,KWS103000-100-004-12-FRCN,PRODUCTO TERMINADO,,,,1043,SKN General Purpose PFD-Red Adult Cu/Screen/Sew,MX,,PZ,,,,,,,,,,,,,,,,,,,0.41,SKN General Purpose PFD-Red Adult Cu/Screen/Sew,,,,,,,,,,,KWS103000-100-004-12,FRCN,,1,,1,,,,,,,,,,,1.5,2.108
107555,61,1043,,140,VISA,CRISTINA SANCHEZ,IMP/EXP,,active,2025-01-27,0000-00-00 00:00:00,2025-01-24 18:01:22,0000-00-00 00:00:00,0,,,,,,,,,0000-00-00 00:00:00,996772,KWS103000-100-004-12-FRCN,100,0,,2025-01-13 15:48:09,,1,1,,,3,50,0,,,,,,,,,,,,107555,,,12702,,,,,,,0,,,,,K019228,1,,,,IN,100,M1N0005,,KWS103000-100-004-12-FRCN,PRODUCTO TERMINADO,,,,1043,SKN General Purpose PFD-Red Adult Cu/Screen/Sew,MX,,PZ,,,,,,,,,,,,,,,,,,,0.41,SKN General Purpose PFD-Red Adult Cu/Screen/Sew,,,,,,,,,,,KWS103000-100-004-12,FRCN,,1,,1,,,,,,,,,,,1.5,2.108
107555,61,1043,,140,VISA,CRISTINA SANCHEZ,IMP/EXP,,active,2025-01-27,0000-00-00 00:00:00,2025-01-24 18:01:22,0000-00-00 00:00:00,0,,,,,,,,,0000-00-00 00:00:00,996773,KWS103000-100-004-12-FRCN,100,0,,2025-01-13 15:48:09,,1,1,,,3,51,0,,,,,,,,,,,,107555,,,12702,,,,,,,0,,,,,K019228,1,,,,IN,100,M1N0005,,KWS103000-100-004-12-FRCN,PRODUCTO TERMINADO,,,,1043,SKN General Purpose PFD-Red Adult Cu/Screen/Sew,MX,,PZ,,,,,,,,,,,,,,,,,,,0.41,SKN General Purpose PFD-Red Adult Cu/Screen/Sew,,,,,,,,,,,KWS103000-100-004-12,FRCN,,1,,1,,,,,,,,,,,1.5,2.108
107555,61,1043,,140,VISA,CRISTINA SANCHEZ,IMP/EXP,,active,2025-01-27,0000-00-00 00:00:00,2025-01-24 18:01:22,0000-00-00 00:00:00,0,,,,,,,,,0000-00-00 00:00:00,996774,KWS103000-100-004-12-FRCN,100,0,,2025-01-13 15:48:10,,1,1,,,3,52,0,,,,,,,,,,,,107555,,,12702,,,,,,,0,,,,,K019228,1,,,,IN,100,M1N0005,,KWS103000-100-004-12-FRCN,PRODUCTO TERMINADO,,,,1043,SKN General Purpose PFD-Red Adult Cu/Screen/Sew,MX,,PZ,,,,,,,,,,,,,,,,,,,0.41,SKN General Purpose PFD-Red Adult Cu/Screen/Sew,,,,,,,,,,,KWS103000-100-004-12,FRCN,,1,,1,,,,,,,,,,,1.5,2.108
107555,61,1043,,140,VISA,CRISTINA SANCHEZ,IMP/EXP,,active,2025-01-27,0000-00-00 00:00:00,2025-01-24 18:01:22,0000-00-00 00:00:00,0,,,,,,,,,0000-00-00 00:00:00,996775,KWS103000-100-004-12-FRCN,100,0,,2025-01-13 15:48:10,,1,1,,,3,53,0,,,,,,,,,,,,107555,,,12702,,,,,,,0,,,,,K019228,1,,,,IN,100,M1N0005,,KWS103000-100-004-12-FRCN,PRODUCTO TERMINADO,,,,1043,SKN General Purpose PFD-Red Adult Cu/Screen/Sew,MX,,PZ,,,,,,,,,,,,,,,,,,,0.41,SKN General Purpose PFD-Red Adult Cu/Screen/Sew,,,,,,,,,,,KWS103000-100-004-12,FRCN,,1,,1,,,,,,,,,,,1.5,2.108
107555,61,1043,,140,VISA,CRISTINA SANCHEZ,IMP/EXP,,active,2025-01-27,0000-00-00 00:00:00,2025-01-24 18:01:22,0000-00-00 00:00:00,0,,,,,,,,,0000-00-00 00:00:00,996776,KWS103000-100-004-12-FRCN,100,0,,2025-01-13 15:48:10,,1,1,,,3,54,0,,,,,,,,,,,,107555,,,12702,,,,,,,0,,,,,K019228,1,,,,IN,100,M1N0005,,KWS103000-100-004-12-FRCN,PRODUCTO TERMINADO,,,,1043,SKN General Purpose PFD-Red Adult Cu/Screen/Sew,MX,,PZ,,,,,,,,,,,,,,,,,,,0.41,SKN General Purpose PFD-Red Adult Cu/Screen/Sew,,,,,,,,,,,KWS103000-100-004-12,FRCN,,1,,1,,,,,,,,,,,1.5,2.108
107555,61,1043,,140,VISA,CRISTINA SANCHEZ,IMP/EXP,,active,2025-01-27,0000-00-00 00:00:00,2025-01-24 18:01:22,0000-00-00 00:00:00,0,,,,,,,,,0000-00-00 00:00:00,996777,KWS103000-100-004-12-FRCN,100,0,,2025-01-13 15:48:11,,1,1,,,3,37,0,,,,,,,,,,,,107555,,,12702,,,,,,,0,,,,,K019228,1,,,,IN,100,M1N0004,,KWS103000-100-004-12-FRCN,PRODUCTO TERMINADO,,,,1043,SKN General Purpose PFD-Red Adult Cu/Screen/Sew,MX,,PZ,,,,,,,,,,,,,,,,,,,0.41,SKN General Purpose PFD-Red Adult Cu/Screen/Sew,,,,,,,,,,,KWS103000-100-004-12,FRCN,,1,,1,,,,,,,,,,,1.5,2.108
107555,61,1043,,140,VISA,CRISTINA SANCHEZ,IMP/EXP,,active,2025-01-27,0000-00-00 00:00:00,2025-01-24 18:01:22,0000-00-00 00:00:00,0,,,,,,,,,0000-00-00 00:00:00,996778,KWS103000-100-004-12-FRCN,100,0,,2025-01-13 15:48:11,,1,1,,,3,38,0,,,,,,,,,,,,107555,,,12702,,,,,,,0,,,,,K019228,1,,,,IN,100,M1N0004,,KWS103000-100-004-12-FRCN,PRODUCTO TERMINADO,,,,1043,SKN General Purpose PFD-Red Adult Cu/Screen/Sew,MX,,PZ,,,,,,,,,,,,,,,,,,,0.41,SKN General Purpose PFD-Red Adult Cu/Screen/Sew,,,,,,,,,,,KWS103000-100-004-12,FRCN,,1,,1,,,,,,,,,,,1.5,2.108
107555,61,1043,,140,VISA,CRISTINA SANCHEZ,IMP/EXP,,active,2025-01-27,0000-00-00 00:00:00,2025-01-24 18:01:22,0000-00-00 00:00:00,0,,,,,,,,,0000-00-00 00:00:00,996779,KWS103000-100-004-12-FRCN,100,0,,2025-01-13 15:48:11,,1,1,,,3,39,0,,,,,,,,,,,,107555,,,12702,,,,,,,0,,,,,K019228,1,,,,IN,100,M1N0004,,KWS103000-100-004-12-FRCN,PRODUCTO TERMINADO,,,,1043,SKN General Purpose PFD-Red Adult Cu/Screen/Sew,MX,,PZ,,,,,,,,,,,,,,,,,,,0.41,SKN General Purpose PFD-Red Adult Cu/Screen/Sew,,,,,,,,,,,KWS103000-100-004-12,FRCN,,1,,1,,,,,,,,,,,1.5,2.108
107555,61,1043,,140,VISA,CRISTINA SANCHEZ,IMP/EXP,,active,2025-01-27,0000-00-00 00:00:00,2025-01-24 18:01:22,0000-00-00 00:00:00,0,,,,,,,,,0000-00-00 00:00:00,996780,KWS103000-100-004-12-FRCN,100,0,,2025-01-13 15:48:11,,1,1,,,3,40,0,,,,,,,,,,,,107555,,,12702,,,,,,,0,,,,,K019228,1,,,,IN,100,M1N0004,,KWS103000-100-004-12-FRCN,PRODUCTO TERMINADO,,,,1043,SKN General Purpose PFD-Red Adult Cu/Screen/Sew,MX,,PZ,,,,,,,,,,,,,,,,,,,0.41,SKN General Purpose PFD-Red Adult Cu/Screen/Sew,,,,,,,,,,,KWS103000-100-004-12,FRCN,,1,,1,,,,,,,,,,,1.5,2.108
107555,61,1043,,140,VISA,CRISTINA SANCHEZ,IMP/EXP,,active,2025-01-27,0000-00-00 00:00:00,2025-01-24 18:01:22,0000-00-00 00:00:00,0,,,,,,,,,0000-00-00 00:00:00,996781,KWS103000-100-004-12-FRCN,100,0,,2025-01-13 15:48:12,,1,1,,,3,41,0,,,,,,,,,,,,107555,,,12702,,,,,,,0,,,,,K019228,1,,,,IN,100,M1N0004,,KWS103000-100-004-12-FRCN,PRODUCTO TERMINADO,,,,1043,SKN General Purpose PFD-Red Adult Cu/Screen/Sew,MX,,PZ,,,,,,,,,,,,,,,,,,,0.41,SKN General Purpose PFD-Red Adult Cu/Screen/Sew,,,,,,,,,,,KWS103000-100-004-12,FRCN,,1,,1,,,,,,,,,,,1.5,2.108
107555,61,1043,,140,VISA,CRISTINA SANCHEZ,IMP/EXP,,active,2025-01-27,0000-00-00 00:00:00,2025-01-24 18:01:22,0000-00-00 00:00:00,0,,,,,,,,,0000-00-00 00:00:00,996782,KWS103000-100-004-12-FRCN,100,0,,2025-01-13 15:48:12,,1,1,,,3,42,0,,,,,,,,,,,,107555,,,12702,,,,,,,0,,,,,K019228,1,,,,IN,100,M1N0004,,KWS103000-100-004-12-FRCN,PRODUCTO TERMINADO,,,,1043,SKN General Purpose PFD-Red Adult Cu/Screen/Sew,MX,,PZ,,,,,,,,,,,,,,,,,,,0.41,SKN General Purpose PFD-Red Adult Cu/Screen/Sew,,,,,,,,,,,KWS103000-100-004-12,FRCN,,1,,1,,,,,,,,,,,1.5,2.108
107555,61,1043,,140,VISA,CRISTINA SANCHEZ,IMP/EXP,,active,2025-01-27,0000-00-00 00:00:00,2025-01-24 18:01:22,0000-00-00 00:00:00,0,,,,,,,,,0000-00-00 00:00:00,996783,KWS103000-100-004-12-FRCN,100,0,,2025-01-13 15:48:12,,1,1,,,3,43,0,,,,,,,,,,,,107555,,,12702,,,,,,,0,,,,,K019228,1,,,,IN,100,M1N0004,,KWS103000-100-004-12-FRCN,PRODUCTO TERMINADO,,,,1043,SKN General Purpose PFD-Red Adult Cu/Screen/Sew,MX,,PZ,,,,,,,,,,,,,,,,,,,0.41,SKN General Purpose PFD-Red Adult Cu/Screen/Sew,,,,,,,,,,,KWS103000-100-004-12,FRCN,,1,,1,,,,,,,,,,,1.5,2.108
107555,61,1043,,140,VISA,CRISTINA SANCHEZ,IMP/EXP,,active,2025-01-27,0000-00-00 00:00:00,2025-01-24 18:01:22,0000-00-00 00:00:00,0,,,,,,,,,0000-00-00 00:00:00,996784,KWS103000-100-004-12-FRCN,100,0,,2025-01-13 15:48:13,,1,1,,,3,44,0,,,,,,,,,,,,107555,,,12702,,,,,,,0,,,,,K019228,1,,,,IN,100,M1N0004,,KWS103000-100-004-12-FRCN,PRODUCTO TERMINADO,,,,1043,SKN General Purpose PFD-Red Adult Cu/Screen/Sew,MX,,PZ,,,,,,,,,,,,,,,,,,,0.41,SKN General Purpose PFD-Red Adult Cu/Screen/Sew,,,,,,,,,,,KWS103000-100-004-12,FRCN,,1,,1,,,,,,,,,,,1.5,2.108
107555,61,1043,,140,VISA,CRISTINA SANCHEZ,IMP/EXP,,active,2025-01-27,0000-00-00 00:00:00,2025-01-24 18:01:22,0000-00-00 00:00:00,0,,,,,,,,,0000-00-00 00:00:00,996785,KWS103000-100-004-12-FRCN,100,0,,2025-01-13 15:48:13,,1,1,,,2,35,0,,,,,,,,,,,,107555,,,12702,,,,,,,0,,,,,K019228,1,,,,IN,100,M1N0004,,KWS103000-100-004-12-FRCN,PRODUCTO TERMINADO,,,,1043,SKN General Purpose PFD-Red Adult Cu/Screen/Sew,MX,,PZ,,,,,,,,,,,,,,,,,,,0.41,SKN General Purpose PFD-Red Adult Cu/Screen/Sew,,,,,,,,,,,KWS103000-100-004-12,FRCN,,1,,1,,,,,,,,,,,1.5,2.108
107555,61,1043,,140,VISA,CRISTINA SANCHEZ,IMP/EXP,,active,2025-01-27,0000-00-00 00:00:00,2025-01-24 18:01:22,0000-00-00 00:00:00,0,,,,,,,,,0000-00-00 00:00:00,996786,KWS103000-100-004-12-FRCN,100,0,,2025-01-13 15:48:13,,1,1,,,2,36,0,,,,,,,,,,,,107555,,,12702,,,,,,,0,,,,,K019228,1,,,,IN,100,M1N0004,,KWS103000-100-004-12-FRCN,PRODUCTO TERMINADO,,,,1043,SKN General Purpose PFD-Red Adult Cu/Screen/Sew,MX,,PZ,,,,,,,,,,,,,,,,,,,0.41,SKN General Purpose PFD-Red Adult Cu/Screen/Sew,,,,,,,,,,,KWS103000-100-004-12,FRCN,,1,,1,,,,,,,,,,,1.5,2.108
107555,61,1043,,140,VISA,CRISTINA SANCHEZ,IMP/EXP,,active,2025-01-27,0000-00-00 00:00:00,2025-01-24 18:01:22,0000-00-00 00:00:00,0,,,,,,,,,0000-00-00 00:00:00,996787,KWS103000-100-004-12-FRCN,100,0,,2025-01-13 15:48:13,,1,1,,,2,25,0,,,,,,,,,,,,107555,,,12702,,,,,,,0,,,,,K019228,1,,,,IN,100,M1N0003,,KWS103000-100-004-12-FRCN,PRODUCTO TERMINADO,,,,1043,SKN General Purpose PFD-Red Adult Cu/Screen/Sew,MX,,PZ,,,,,,,,,,,,,,,,,,,0.41,SKN General Purpose PFD-Red Adult Cu/Screen/Sew,,,,,,,,,,,KWS103000-100-004-12,FRCN,,1,,1,,,,,,,,,,,1.5,2.108
107555,61,1043,,140,VISA,CRISTINA SANCHEZ,IMP/EXP,,active,2025-01-27,0000-00-00 00:00:00,2025-01-24 18:01:22,0000-00-00 00:00:00,0,,,,,,,,,0000-00-00 00:00:00,996788,KWS103000-100-004-12-FRCN,100,0,,2025-01-13 15:48:14,,1,1,,,2,26,0,,,,,,,,,,,,107555,,,12702,,,,,,,0,,,,,K019228,1,,,,IN,100,M1N0003,,KWS103000-100-004-12-FRCN,PRODUCTO TERMINADO,,,,1043,SKN General Purpose PFD-Red Adult Cu/Screen/Sew,MX,,PZ,,,,,,,,,,,,,,,,,,,0.41,SKN General Purpose PFD-Red Adult Cu/Screen/Sew,,,,,,,,,,,KWS103000-100-004-12,FRCN,,1,,1,,,,,,,,,,,1.5,2.108
107555,61,1043,,140,VISA,CRISTINA SANCHEZ,IMP/EXP,,active,2025-01-27,0000-00-00 00:00:00,2025-01-24 18:01:22,0000-00-00 00:00:00,0,,,,,,,,,0000-00-00 00:00:00,996789,KWS103000-100-004-12-FRCN,100,0,,2025-01-13 15:48:14,,1,1,,,2,27,0,,,,,,,,,,,,107555,,,12702,,,,,,,0,,,,,K019228,1,,,,IN,100,M1N0003,,KWS103000-100-004-12-FRCN,PRODUCTO TERMINADO,,,,1043,SKN General Purpose PFD-Red Adult Cu/Screen/Sew,MX,,PZ,,,,,,,,,,,,,,,,,,,0.41,SKN General Purpose PFD-Red Adult Cu/Screen/Sew,,,,,,,,,,,KWS103000-100-004-12,FRCN,,1,,1,,,,,,,,,,,1.5,2.108
107555,61,1043,,140,VISA,CRISTINA SANCHEZ,IMP/EXP,,active,2025-01-27,0000-00-00 00:00:00,2025-01-24 18:01:22,0000-00-00 00:00:00,0,,,,,,,,,0000-00-00 00:00:00,996790,KWS103000-100-004-12-FRCN,100,0,,2025-01-13 15:48:14,,1,1,,,2,28,0,,,,,,,,,,,,107555,,,12702,,,,,,,0,,,,,K019228,1,,,,IN,100,M1N0003,,KWS103000-100-004-12-FRCN,PRODUCTO TERMINADO,,,,1043,SKN General Purpose PFD-Red Adult Cu/Screen/Sew,MX,,PZ,,,,,,,,,,,,,,,,,,,0.41,SKN General Purpose PFD-Red Adult Cu/Screen/Sew,,,,,,,,,,,KWS103000-100-004-12,FRCN,,1,,1,,,,,,,,,,,1.5,2.108
107555,61,1043,,140,VISA,CRISTINA SANCHEZ,IMP/EXP,,active,2025-01-27,0000-00-00 00:00:00,2025-01-24 18:01:22,0000-00-00 00:00:00,0,,,,,,,,,0000-00-00 00:00:00,996791,KWS103000-100-004-12-FRCN,100,0,,2025-01-13 15:48:15,,1,1,,,2,29,0,,,,,,,,,,,,107555,,,12702,,,,,,,0,,,,,K019228,1,,,,IN,100,M1N0003,,KWS103000-100-004-12-FRCN,PRODUCTO TERMINADO,,,,1043,SKN General Purpose PFD-Red Adult Cu/Screen/Sew,MX,,PZ,,,,,,,,,,,,,,,,,,,0.41,SKN General Purpose PFD-Red Adult Cu/Screen/Sew,,,,,,,,,,,KWS103000-100-004-12,FRCN,,1,,1,,,,,,,,,,,1.5,2.108
107555,61,1043,,140,VISA,CRISTINA SANCHEZ,IMP/EXP,,active,2025-01-27,0000-00-00 00:00:00,2025-01-24 18:01:22,0000-00-00 00:00:00,0,,,,,,,,,0000-00-00 00:00:00,996792,KWS103000-100-004-12-FRCN,100,0,,2025-01-13 15:48:15,,1,1,,,2,30,0,,,,,,,,,,,,107555,,,12702,,,,,,,0,,,,,K019228,1,,,,IN,100,M1N0003,,KWS103000-100-004-12-FRCN,PRODUCTO TERMINADO,,,,1043,SKN General Purpose PFD-Red Adult Cu/Screen/Sew,MX,,PZ,,,,,,,,,,,,,,,,,,,0.41,SKN General Purpose PFD-Red Adult Cu/Screen/Sew,,,,,,,,,,,KWS103000-100-004-12,FRCN,,1,,1,,,,,,,,,,,1.5,2.108
107555,61,1043,,140,VISA,CRISTINA SANCHEZ,IMP/EXP,,active,2025-01-27,0000-00-00 00:00:00,2025-01-24 18:01:22,0000-00-00 00:00:00,0,,,,,,,,,0000-00-00 00:00:00,996793,KWS103000-100-004-12-FRCN,100,0,,2025-01-13 15:48:15,,1,1,,,2,31,0,,,,,,,,,,,,107555,,,12702,,,,,,,0,,,,,K019228,1,,,,IN,100,M1N0003,,KWS103000-100-004-12-FRCN,PRODUCTO TERMINADO,,,,1043,SKN General Purpose PFD-Red Adult Cu/Screen/Sew,MX,,PZ,,,,,,,,,,,,,,,,,,,0.41,SKN General Purpose PFD-Red Adult Cu/Screen/Sew,,,,,,,,,,,KWS103000-100-004-12,FRCN,,1,,1,,,,,,,,,,,1.5,2.108
107555,61,1043,,140,VISA,CRISTINA SANCHEZ,IMP/EXP,,active,2025-01-27,0000-00-00 00:00:00,2025-01-24 18:01:22,0000-00-00 00:00:00,0,,,,,,,,,0000-00-00 00:00:00,996794,KWS103000-100-004-12-FRCN,100,0,,2025-01-13 15:48:15,,1,1,,,2,32,0,,,,,,,,,,,,107555,,,12702,,,,,,,0,,,,,K019228,1,,,,IN,100,M1N0003,,KWS103000-100-004-12-FRCN,PRODUCTO TERMINADO,,,,1043,SKN General Purpose PFD-Red Adult Cu/Screen/Sew,MX,,PZ,,,,,,,,,,,,,,,,,,,0.41,SKN General Purpose PFD-Red Adult Cu/Screen/Sew,,,,,,,,,,,KWS103000-100-004-12,FRCN,,1,,1,,,,,,,,,,,1.5,2.108
107555,61,1043,,140,VISA,CRISTINA SANCHEZ,IMP/EXP,,active,2025-01-27,0000-00-00 00:00:00,2025-01-24 18:01:22,0000-00-00 00:00:00,0,,,,,,,,,0000-00-00 00:00:00,996795,KWS103000-100-004-12-FRCN,100,0,,2025-01-13 15:48:16,,1,1,,,2,33,0,,,,,,,,,,,,107555,,,12702,,,,,,,0,,,,,K019228,1,,,,IN,100,M1N0003,,KWS103000-100-004-12-FRCN,PRODUCTO TERMINADO,,,,1043,SKN General Purpose PFD-Red Adult Cu/Screen/Sew,MX,,PZ,,,,,,,,,,,,,,,,,,,0.41,SKN General Purpose PFD-Red Adult Cu/Screen/Sew,,,,,,,,,,,KWS103000-100-004-12,FRCN,,1,,1,,,,,,,,,,,1.5,2.108
107555,61,1043,,140,VISA,CRISTINA SANCHEZ,IMP/EXP,,active,2025-01-27,0000-00-00 00:00:00,2025-01-24 18:01:22,0000-00-00 00:00:00,0,,,,,,,,,0000-00-00 00:00:00,996796,KWS103000-100-004-12-FRCN,100,0,,2025-01-13 15:48:16,,1,1,,,2,34,0,,,,,,,,,,,,107555,,,12702,,,,,,,0,,,,,K019228,1,,,,IN,100,M1N0003,,KWS103000-100-004-12-FRCN,PRODUCTO TERMINADO,,,,1043,SKN General Purpose PFD-Red Adult Cu/Screen/Sew,MX,,PZ,,,,,,,,,,,,,,,,,,,0.41,SKN General Purpose PFD-Red Adult Cu/Screen/Sew,,,,,,,,,,,KWS103000-100-004-12,FRCN,,1,,1,,,,,,,,,,,1.5,2.108
107555,61,1043,,140,VISA,CRISTINA SANCHEZ,IMP/EXP,,active,2025-01-27,0000-00-00 00:00:00,2025-01-24 18:01:22,0000-00-00 00:00:00,0,,,,,,,,,0000-00-00 00:00:00,996797,KWS103000-100-004-12-FRCN,100,0,,2025-01-13 15:48:16,,1,1,,,2,19,0,,,,,,,,,,,,107555,,,12702,,,,,,,0,,,,,K019228,1,,,,IN,100,M1N0006,,KWS103000-100-004-12-FRCN,PRODUCTO TERMINADO,,,,1043,SKN General Purpose PFD-Red Adult Cu/Screen/Sew,MX,,PZ,,,,,,,,,,,,,,,,,,,0.41,SKN General Purpose PFD-Red Adult Cu/Screen/Sew,,,,,,,,,,,KWS103000-100-004-12,FRCN,,1,,1,,,,,,,,,,,1.5,2.108
107555,61,1043,,140,VISA,CRISTINA SANCHEZ,IMP/EXP,,active,2025-01-27,0000-00-00 00:00:00,2025-01-24 18:01:22,0000-00-00 00:00:00,0,,,,,,,,,0000-00-00 00:00:00,996798,KWS103000-100-004-12-FRCN,100,0,,2025-01-13 15:48:17,,1,1,,,2,20,0,,,,,,,,,,,,107555,,,12702,,,,,,,0,,,,,K019228,1,,,,IN,100,M1N0006,,KWS103000-100-004-12-FRCN,PRODUCTO TERMINADO,,,,1043,SKN General Purpose PFD-Red Adult Cu/Screen/Sew,MX,,PZ,,,,,,,,,,,,,,,,,,,0.41,SKN General Purpose PFD-Red Adult Cu/Screen/Sew,,,,,,,,,,,KWS103000-100-004-12,FRCN,,1,,1,,,,,,,,,,,1.5,2.108
107555,61,1043,,140,VISA,CRISTINA SANCHEZ,IMP/EXP,,active,2025-01-27,0000-00-00 00:00:00,2025-01-24 18:01:22,0000-00-00 00:00:00,0,,,,,,,,,0000-00-00 00:00:00,996799,KWS103000-100-004-12-FRCN,100,0,,2025-01-13 15:48:17,,1,1,,,2,21,0,,,,,,,,,,,,107555,,,12702,,,,,,,0,,,,,K019228,1,,,,IN,100,M1N0006,,KWS103000-100-004-12-FRCN,PRODUCTO TERMINADO,,,,1043,SKN General Purpose PFD-Red Adult Cu/Screen/Sew,MX,,PZ,,,,,,,,,,,,,,,,,,,0.41,SKN General Purpose PFD-Red Adult Cu/Screen/Sew,,,,,,,,,,,KWS103000-100-004-12,FRCN,,1,,1,,,,,,,,,,,1.5,2.108
107555,61,1043,,140,VISA,CRISTINA SANCHEZ,IMP/EXP,,active,2025-01-27,0000-00-00 00:00:00,2025-01-24 18:01:22,0000-00-00 00:00:00,0,,,,,,,,,0000-00-00 00:00:00,996800,KWS103000-100-004-12-FRCN,100,0,,2025-01-13 15:48:17,,1,1,,,2,22,0,,,,,,,,,,,,107555,,,12702,,,,,,,0,,,,,K019228,1,,,,IN,100,M1N0006,,KWS103000-100-004-12-FRCN,PRODUCTO TERMINADO,,,,1043,SKN General Purpose PFD-Red Adult Cu/Screen/Sew,MX,,PZ,,,,,,,,,,,,,,,,,,,0.41,SKN General Purpose PFD-Red Adult Cu/Screen/Sew,,,,,,,,,,,KWS103000-100-004-12,FRCN,,1,,1,,,,,,,,,,,1.5,2.108
107555,61,1043,,140,VISA,CRISTINA SANCHEZ,IMP/EXP,,active,2025-01-27,0000-00-00 00:00:00,2025-01-24 18:01:22,0000-00-00 00:00:00,0,,,,,,,,,0000-00-00 00:00:00,996801,KWS103000-100-004-12-FRCN,100,0,,2025-01-13 15:48:17,,1,1,,,2,23,0,,,,,,,,,,,,107555,,,12702,,,,,,,0,,,,,K019228,1,,,,IN,100,M1N0006,,KWS103000-100-004-12-FRCN,PRODUCTO TERMINADO,,,,1043,SKN General Purpose PFD-Red Adult Cu/Screen/Sew,MX,,PZ,,,,,,,,,,,,,,,,,,,0.41,SKN General Purpose PFD-Red Adult Cu/Screen/Sew,,,,,,,,,,,KWS103000-100-004-12,FRCN,,1,,1,,,,,,,,,,,1.5,2.108
107555,61,1043,,140,VISA,CRISTINA SANCHEZ,IMP/EXP,,active,2025-01-27,0000-00-00 00:00:00,2025-01-24 18:01:22,0000-00-00 00:00:00,0,,,,,,,,,0000-00-00 00:00:00,996802,KWS103000-100-004-12-FRCN,100,0,,2025-01-13 15:48:18,,1,1,,,2,24,0,,,,,,,,,,,,107555,,,12702,,,,,,,0,,,,,K019228,1,,,,IN,100,M1N0006,,KWS103000-100-004-12-FRCN,PRODUCTO TERMINADO,,,,1043,SKN General Purpose PFD-Red Adult Cu/Screen/Sew,MX,,PZ,,,,,,,,,,,,,,,,,,,0.41,SKN General Purpose PFD-Red Adult Cu/Screen/Sew,,,,,,,,,,,KWS103000-100-004-12,FRCN,,1,,1,,,,,,,,,,,1.5,2.108
107555,61,1043,,140,VISA,CRISTINA SANCHEZ,IMP/EXP,,active,2025-01-27,0000-00-00 00:00:00,2025-01-24 18:01:22,0000-00-00 00:00:00,0,,,,,,,,,0000-00-00 00:00:00,996803,KWS103000-100-004-12-FRCN,100,0,,2025-01-13 15:48:18,,1,1,,,1,15,0,,,,,,,,,,,,107555,,,12702,,,,,,,0,,,,,K019228,1,,,,IN,100,M1N0006,,KWS103000-100-004-12-FRCN,PRODUCTO TERMINADO,,,,1043,SKN General Purpose PFD-Red Adult Cu/Screen/Sew,MX,,PZ,,,,,,,,,,,,,,,,,,,0.41,SKN General Purpose PFD-Red Adult Cu/Screen/Sew,,,,,,,,,,,KWS103000-100-004-12,FRCN,,1,,1,,,,,,,,,,,1.5,2.108
107555,61,1043,,140,VISA,CRISTINA SANCHEZ,IMP/EXP,,active,2025-01-27,0000-00-00 00:00:00,2025-01-24 18:01:22,0000-00-00 00:00:00,0,,,,,,,,,0000-00-00 00:00:00,996804,KWS103000-100-004-12-FRCN,100,0,,2025-01-13 15:48:18,,1,1,,,1,16,0,,,,,,,,,,,,107555,,,12702,,,,,,,0,,,,,K019228,1,,,,IN,100,M1N0006,,KWS103000-100-004-12-FRCN,PRODUCTO TERMINADO,,,,1043,SKN General Purpose PFD-Red Adult Cu/Screen/Sew,MX,,PZ,,,,,,,,,,,,,,,,,,,0.41,SKN General Purpose PFD-Red Adult Cu/Screen/Sew,,,,,,,,,,,KWS103000-100-004-12,FRCN,,1,,1,,,,,,,,,,,1.5,2.108
107555,61,1043,,140,VISA,CRISTINA SANCHEZ,IMP/EXP,,active,2025-01-27,0000-00-00 00:00:00,2025-01-24 18:01:22,0000-00-00 00:00:00,0,,,,,,,,,0000-00-00 00:00:00,996805,KWS103000-100-004-12-FRCN,100,0,,2025-01-13 15:48:19,,1,1,,,1,17,0,,,,,,,,,,,,107555,,,12702,,,,,,,0,,,,,K019228,1,,,,IN,100,M1N0006,,KWS103000-100-004-12-FRCN,PRODUCTO TERMINADO,,,,1043,SKN General Purpose PFD-Red Adult Cu/Screen/Sew,MX,,PZ,,,,,,,,,,,,,,,,,,,0.41,SKN General Purpose PFD-Red Adult Cu/Screen/Sew,,,,,,,,,,,KWS103000-100-004-12,FRCN,,1,,1,,,,,,,,,,,1.5,2.108
107555,61,1043,,140,VISA,CRISTINA SANCHEZ,IMP/EXP,,active,2025-01-27,0000-00-00 00:00:00,2025-01-24 18:01:22,0000-00-00 00:00:00,0,,,,,,,,,0000-00-00 00:00:00,996806,KWS103000-100-004-12-FRCN,100,0,,2025-01-13 15:48:19,,1,1,,,1,18,0,,,,,,,,,,,,107555,,,12702,,,,,,,0,,,,,K019228,1,,,,IN,100,M1N0006,,KWS103000-100-004-12-FRCN,PRODUCTO TERMINADO,,,,1043,SKN General Purpose PFD-Red Adult Cu/Screen/Sew,MX,,PZ,,,,,,,,,,,,,,,,,,,0.41,SKN General Purpose PFD-Red Adult Cu/Screen/Sew,,,,,,,,,,,KWS103000-100-004-12,FRCN,,1,,1,,,,,,,,,,,1.5,2.108
107555,61,1043,,140,VISA,CRISTINA SANCHEZ,IMP/EXP,,active,2025-01-27,0000-00-00 00:00:00,2025-01-24 18:01:22,0000-00-00 00:00:00,0,,,,,,,,,0000-00-00 00:00:00,996807,KWS103000-100-002-12-FRCN,40,0,,2025-01-13 15:48:19,,1,1,,,1,14,0,,,,,,,,,,,,107555,,,12701,,,,,,,0,,,,,K019228,1,,,,IN,40,M1N0002,,KWS103000-100-002-12-FRCN,PRODUCTO TERMINADO,,,,1043,SKN General Purpose PFD-Red Youth Cut/Screen/Sew,MX,,PZ,,,,,,,,,,,,,,,,,,,0.27,SKN General Purpose PFD-Red Youth Cut/Screen/Sew,,,,,,,,,,,KWS103000-100-002-12,FRCN,,1,,1,,,,,,,,,,,1.03,2.108
107555,61,1043,,140,VISA,CRISTINA SANCHEZ,IMP/EXP,,active,2025-01-27,0000-00-00 00:00:00,2025-01-24 18:01:22,0000-00-00 00:00:00,0,,,,,,,,,0000-00-00 00:00:00,996808,KWS103000-100-002-12-FRCN,160,0,,2025-01-13 15:48:19,,1,1,,,1,8,0,,,,,,,,,,,,107555,,,12701,,,,,,,0,,,,,K019228,1,,,,IN,160,M1N0002,,KWS103000-100-002-12-FRCN,PRODUCTO TERMINADO,,,,1043,SKN General Purpose PFD-Red Youth Cut/Screen/Sew,MX,,PZ,,,,,,,,,,,,,,,,,,,0.27,SKN General Purpose PFD-Red Youth Cut/Screen/Sew,,,,,,,,,,,KWS103000-100-002-12,FRCN,,1,,1,,,,,,,,,,,1.03,2.108
107555,61,1043,,140,VISA,CRISTINA SANCHEZ,IMP/EXP,,active,2025-01-27,0000-00-00 00:00:00,2025-01-24 18:01:22,0000-00-00 00:00:00,0,,,,,,,,,0000-00-00 00:00:00,996809,KWS103000-100-002-12-FRCN,160,0,,2025-01-13 15:48:20,,1,1,,,1,9,0,,,,,,,,,,,,107555,,,12701,,,,,,,0,,,,,K019228,1,,,,IN,160,M1N0002,,KWS103000-100-002-12-FRCN,PRODUCTO TERMINADO,,,,1043,SKN General Purpose PFD-Red Youth Cut/Screen/Sew,MX,,PZ,,,,,,,,,,,,,,,,,,,0.27,SKN General Purpose PFD-Red Youth Cut/Screen/Sew,,,,,,,,,,,KWS103000-100-002-12,FRCN,,1,,1,,,,,,,,,,,1.03,2.108
107555,61,1043,,140,VISA,CRISTINA SANCHEZ,IMP/EXP,,active,2025-01-27,0000-00-00 00:00:00,2025-01-24 18:01:22,0000-00-00 00:00:00,0,,,,,,,,,0000-00-00 00:00:00,996810,KWS103000-100-002-12-FRCN,160,0,,2025-01-13 15:48:20,,1,1,,,1,10,0,,,,,,,,,,,,107555,,,12701,,,,,,,0,,,,,K019228,1,,,,IN,160,M1N0002,,KWS103000-100-002-12-FRCN,PRODUCTO TERMINADO,,,,1043,SKN General Purpose PFD-Red Youth Cut/Screen/Sew,MX,,PZ,,,,,,,,,,,,,,,,,,,0.27,SKN General Purpose PFD-Red Youth Cut/Screen/Sew,,,,,,,,,,,KWS103000-100-002-12,FRCN,,1,,1,,,,,,,,,,,1.03,2.108
107555,61,1043,,140,VISA,CRISTINA SANCHEZ,IMP/EXP,,active,2025-01-27,0000-00-00 00:00:00,2025-01-24 18:01:22,0000-00-00 00:00:00,0,,,,,,,,,0000-00-00 00:00:00,996811,KWS103000-100-002-12-FRCN,160,0,,2025-01-13 15:48:20,,1,1,,,1,11,0,,,,,,,,,,,,107555,,,12701,,,,,,,0,,,,,K019228,1,,,,IN,160,M1N0002,,KWS103000-100-002-12-FRCN,PRODUCTO TERMINADO,,,,1043,SKN General Purpose PFD-Red Youth Cut/Screen/Sew,MX,,PZ,,,,,,,,,,,,,,,,,,,0.27,SKN General Purpose PFD-Red Youth Cut/Screen/Sew,,,,,,,,,,,KWS103000-100-002-12,FRCN,,1,,1,,,,,,,,,,,1.03,2.108
107555,61,1043,,140,VISA,CRISTINA SANCHEZ,IMP/EXP,,active,2025-01-27,0000-00-00 00:00:00,2025-01-24 18:01:22,0000-00-00 00:00:00,0,,,,,,,,,0000-00-00 00:00:00,996812,KWS103000-100-002-12-FRCN,160,0,,2025-01-13 15:48:21,,1,1,,,1,12,0,,,,,,,,,,,,107555,,,12701,,,,,,,0,,,,,K019228,1,,,,IN,160,M1N0002,,KWS103000-100-002-12-FRCN,PRODUCTO TERMINADO,,,,1043,SKN General Purpose PFD-Red Youth Cut/Screen/Sew,MX,,PZ,,,,,,,,,,,,,,,,,,,0.27,SKN General Purpose PFD-Red Youth Cut/Screen/Sew,,,,,,,,,,,KWS103000-100-002-12,FRCN,,1,,1,,,,,,,,,,,1.03,2.108
107555,61,1043,,140,VISA,CRISTINA SANCHEZ,IMP/EXP,,active,2025-01-27,0000-00-00 00:00:00,2025-01-24 18:01:22,0000-00-00 00:00:00,0,,,,,,,,,0000-00-00 00:00:00,996813,KWS103000-100-002-12-FRCN,160,0,,2025-01-13 15:48:21,,1,1,,,1,13,0,,,,,,,,,,,,107555,,,12701,,,,,,,0,,,,,K019228,1,,,,IN,160,M1N0002,,KWS103000-100-002-12-FRCN,PRODUCTO TERMINADO,,,,1043,SKN General Purpose PFD-Red Youth Cut/Screen/Sew,MX,,PZ,,,,,,,,,,,,,,,,,,,0.27,SKN General Purpose PFD-Red Youth Cut/Screen/Sew,,,,,,,,,,,KWS103000-100-002-12,FRCN,,1,,1,,,,,,,,,,,1.03,2.108
107555,61,1043,,140,VISA,CRISTINA SANCHEZ,IMP/EXP,,active,2025-01-27,0000-00-00 00:00:00,2025-01-24 18:01:22,0000-00-00 00:00:00,0,,,,,,,,,0000-00-00 00:00:00,996814,KWS103000-100-002-12-FRCN,40,0,,2025-01-13 15:48:21,,1,1,,,1,7,0,,,,,,,,,,,,107555,,,12701,,,,,,,0,,,,,K019228,1,,,,IN,40,M1N0001,,KWS103000-100-002-12-FRCN,PRODUCTO TERMINADO,,,,1043,SKN General Purpose PFD-Red Youth Cut/Screen/Sew,MX,,PZ,,,,,,,,,,,,,,,,,,,0.27,SKN General Purpose PFD-Red Youth Cut/Screen/Sew,,,,,,,,,,,KWS103000-100-002-12,FRCN,,1,,1,,,,,,,,,,,1.03,2.108
107555,61,1043,,140,VISA,CRISTINA SANCHEZ,IMP/EXP,,active,2025-01-27,0000-00-00 00:00:00,2025-01-24 18:01:22,0000-00-00 00:00:00,0,,,,,,,,,0000-00-00 00:00:00,996815,KWS103000-100-002-12-FRCN,160,0,,2025-01-13 15:48:21,,1,1,,,1,1,0,,,,,,,,,,,,107555,,,12701,,,,,,,0,,,,,K019228,1,,,,IN,160,M1N0001,,KWS103000-100-002-12-FRCN,PRODUCTO TERMINADO,,,,1043,SKN General Purpose PFD-Red Youth Cut/Screen/Sew,MX,,PZ,,,,,,,,,,,,,,,,,,,0.27,SKN General Purpose PFD-Red Youth Cut/Screen/Sew,,,,,,,,,,,KWS103000-100-002-12,FRCN,,1,,1,,,,,,,,,,,1.03,2.108
107555,61,1043,,140,VISA,CRISTINA SANCHEZ,IMP/EXP,,active,2025-01-27,0000-00-00 00:00:00,2025-01-24 18:01:22,0000-00-00 00:00:00,0,,,,,,,,,0000-00-00 00:00:00,996816,KWS103000-100-002-12-FRCN,160,0,,2025-01-13 15:48:22,,1,1,,,1,2,0,,,,,,,,,,,,107555,,,12701,,,,,,,0,,,,,K019228,1,,,,IN,160,M1N0001,,KWS103000-100-002-12-FRCN,PRODUCTO TERMINADO,,,,1043,SKN General Purpose PFD-Red Youth Cut/Screen/Sew,MX,,PZ,,,,,,,,,,,,,,,,,,,0.27,SKN General Purpose PFD-Red Youth Cut/Screen/Sew,,,,,,,,,,,KWS103000-100-002-12,FRCN,,1,,1,,,,,,,,,,,1.03,2.108
107555,61,1043,,140,VISA,CRISTINA SANCHEZ,IMP/EXP,,active,2025-01-27,0000-00-00 00:00:00,2025-01-24 18:01:22,0000-00-00 00:00:00,0,,,,,,,,,0000-00-00 00:00:00,996817,KWS103000-100-002-12-FRCN,160,0,,2025-01-13 15:48:22,,1,1,,,1,3,0,,,,,,,,,,,,107555,,,12701,,,,,,,0,,,,,K019228,1,,,,IN,160,M1N0001,,KWS103000-100-002-12-FRCN,PRODUCTO TERMINADO,,,,1043,SKN General Purpose PFD-Red Youth Cut/Screen/Sew,MX,,PZ,,,,,,,,,,,,,,,,,,,0.27,SKN General Purpose PFD-Red Youth Cut/Screen/Sew,,,,,,,,,,,KWS103000-100-002-12,FRCN,,1,,1,,,,,,,,,,,1.03,2.108
107555,61,1043,,140,VISA,CRISTINA SANCHEZ,IMP/EXP,,active,2025-01-27,0000-00-00 00:00:00,2025-01-24 18:01:22,0000-00-00 00:00:00,0,,,,,,,,,0000-00-00 00:00:00,996818,KWS103000-100-002-12-FRCN,160,0,,2025-01-13 15:48:22,,1,1,,,1,4,0,,,,,,,,,,,,107555,,,12701,,,,,,,0,,,,,K019228,1,,,,IN,160,M1N0001,,KWS103000-100-002-12-FRCN,PRODUCTO TERMINADO,,,,1043,SKN General Purpose PFD-Red Youth Cut/Screen/Sew,MX,,PZ,,,,,,,,,,,,,,,,,,,0.27,SKN General Purpose PFD-Red Youth Cut/Screen/Sew,,,,,,,,,,,KWS103000-100-002-12,FRCN,,1,,1,,,,,,,,,,,1.03,2.108
107555,61,1043,,140,VISA,CRISTINA SANCHEZ,IMP/EXP,,active,2025-01-27,0000-00-00 00:00:00,2025-01-24 18:01:22,0000-00-00 00:00:00,0,,,,,,,,,0000-00-00 00:00:00,996819,KWS103000-100-002-12-FRCN,160,0,,2025-01-13 15:48:23,,1,1,,,1,5,0,,,,,,,,,,,,107555,,,12701,,,,,,,0,,,,,K019228,1,,,,IN,160,M1N0001,,KWS103000-100-002-12-FRCN,PRODUCTO TERMINADO,,,,1043,SKN General Purpose PFD-Red Youth Cut/Screen/Sew,MX,,PZ,,,,,,,,,,,,,,,,,,,0.27,SKN General Purpose PFD-Red Youth Cut/Screen/Sew,,,,,,,,,,,KWS103000-100-002-12,FRCN,,1,,1,,,,,,,,,,,1.03,2.108
107555,61,1043,,140,VISA,CRISTINA SANCHEZ,IMP/EXP,,active,2025-01-27,0000-00-00 00:00:00,2025-01-24 18:01:22,0000-00-00 00:00:00,0,,,,,,,,,0000-00-00 00:00:00,996820,KWS103000-100-002-12-FRCN,160,0,,2025-01-13 15:48:23,,1,1,,,1,6,0,,,,,,,,,,,,107555,,,12701,,,,,,,0,,,,,K019228,1,,,,IN,160,M1N0001,,KWS103000-100-002-12-FRCN,PRODUCTO TERMINADO,,,,1043,SKN General Purpose PFD-Red Youth Cut/Screen/Sew,MX,,PZ,,,,,,,,,,,,,,,,,,,0.27,SKN General Purpose PFD-Red Youth Cut/Screen/Sew,,,,,,,,,,,KWS103000-100-002-12,FRCN,,1,,1,,,,,,,,,,,1.03,2.108
107555,61,1043,,140,VISA,CRISTINA SANCHEZ,IMP/EXP,,active,2025-01-27,0000-00-00 00:00:00,2025-01-24 18:01:22,0000-00-00 00:00:00,0,,,,,,,,,0000-00-00 00:00:00,998279,KWS103000-500-004-12-RBCN,100,0,,2025-01-16 22:24:31,,1,1,,,6,91,0,,,,,,,,,,,,107555,,,12704,,,,,,,0,,,,,K019228,1,,,,IN,100,M1N0012,,KWS103000-500-004-12-RBCN,PRODUCTO TERMINADO,,,,1043,SKN General Purpose PFD-Blue Adult Cut/Screen/Sew,MX,,PZ,,,,,,,,,,,,,,,,,,,0.41,SKN General Purpose PFD-Blue Adult Cut/Screen/Sew,,,,,,,,,,,KWS103000-500-004-12,RBCN,,1,,1,,,,,,,,,,,1.5,2.108
107555,61,1043,,140,VISA,CRISTINA SANCHEZ,IMP/EXP,,active,2025-01-27,0000-00-00 00:00:00,2025-01-24 18:01:22,0000-00-00 00:00:00,0,,,,,,,,,0000-00-00 00:00:00,998280,KWS103000-500-004-12-RBCN,100,0,,2025-01-16 22:24:31,,1,1,,,6,92,0,,,,,,,,,,,,107555,,,12704,,,,,,,0,,,,,K019228,1,,,,IN,100,M1N0012,,KWS103000-500-004-12-RBCN,PRODUCTO TERMINADO,,,,1043,SKN General Purpose PFD-Blue Adult Cut/Screen/Sew,MX,,PZ,,,,,,,,,,,,,,,,,,,0.41,SKN General Purpose PFD-Blue Adult Cut/Screen/Sew,,,,,,,,,,,KWS103000-500-004-12,RBCN,,1,,1,,,,,,,,,,,1.5,2.108
107555,61,1043,,140,VISA,CRISTINA SANCHEZ,IMP/EXP,,active,2025-01-27,0000-00-00 00:00:00,2025-01-24 18:01:22,0000-00-00 00:00:00,0,,,,,,,,,0000-00-00 00:00:00,998281,KWS103000-500-004-12-RBCN,100,0,,2025-01-16 22:24:31,,1,1,,,6,93,0,,,,,,,,,,,,107555,,,12704,,,,,,,0,,,,,K019228,1,,,,IN,100,M1N0012,,KWS103000-500-004-12-RBCN,PRODUCTO TERMINADO,,,,1043,SKN General Purpose PFD-Blue Adult Cut/Screen/Sew,MX,,PZ,,,,,,,,,,,,,,,,,,,0.41,SKN General Purpose PFD-Blue Adult Cut/Screen/Sew,,,,,,,,,,,KWS103000-500-004-12,RBCN,,1,,1,,,,,,,,,,,1.5,2.108
107555,61,1043,,140,VISA,CRISTINA SANCHEZ,IMP/EXP,,active,2025-01-27,0000-00-00 00:00:00,2025-01-24 18:01:22,0000-00-00 00:00:00,0,,,,,,,,,0000-00-00 00:00:00,998282,KWS103000-500-004-12-RBCN,100,0,,2025-01-16 22:24:32,,1,1,,,6,94,0,,,,,,,,,,,,107555,,,12704,,,,,,,0,,,,,K019228,1,,,,IN,100,M1N0012,,KWS103000-500-004-12-RBCN,PRODUCTO TERMINADO,,,,1043,SKN General Purpose PFD-Blue Adult Cut/Screen/Sew,MX,,PZ,,,,,,,,,,,,,,,,,,,0.41,SKN General Purpose PFD-Blue Adult Cut/Screen/Sew,,,,,,,,,,,KWS103000-500-004-12,RBCN,,1,,1,,,,,,,,,,,1.5,2.108
107555,61,1043,,140,VISA,CRISTINA SANCHEZ,IMP/EXP,,active,2025-01-27,0000-00-00 00:00:00,2025-01-24 18:01:22,0000-00-00 00:00:00,0,,,,,,,,,0000-00-00 00:00:00,998283,KWS103000-500-004-12-RBCN,100,0,,2025-01-16 22:24:32,,1,1,,,5,85,0,,,,,,,,,,,,107555,,,12704,,,,,,,0,,,,,K019228,1,,,,IN,100,M1N0012,,KWS103000-500-004-12-RBCN,PRODUCTO TERMINADO,,,,1043,SKN General Purpose PFD-Blue Adult Cut/Screen/Sew,MX,,PZ,,,,,,,,,,,,,,,,,,,0.41,SKN General Purpose PFD-Blue Adult Cut/Screen/Sew,,,,,,,,,,,KWS103000-500-004-12,RBCN,,1,,1,,,,,,,,,,,1.5,2.108
107555,61,1043,,140,VISA,CRISTINA SANCHEZ,IMP/EXP,,active,2025-01-27,0000-00-00 00:00:00,2025-01-24 18:01:22,0000-00-00 00:00:00,0,,,,,,,,,0000-00-00 00:00:00,998284,KWS103000-500-004-12-RBCN,100,0,,2025-01-16 22:24:32,,1,1,,,5,86,0,,,,,,,,,,,,107555,,,12704,,,,,,,0,,,,,K019228,1,,,,IN,100,M1N0012,,KWS103000-500-004-12-RBCN,PRODUCTO TERMINADO,,,,1043,SKN General Purpose PFD-Blue Adult Cut/Screen/Sew,MX,,PZ,,,,,,,,,,,,,,,,,,,0.41,SKN General Purpose PFD-Blue Adult Cut/Screen/Sew,,,,,,,,,,,KWS103000-500-004-12,RBCN,,1,,1,,,,,,,,,,,1.5,2.108
107555,61,1043,,140,VISA,CRISTINA SANCHEZ,IMP/EXP,,active,2025-01-27,0000-00-00 00:00:00,2025-01-24 18:01:22,0000-00-00 00:00:00,0,,,,,,,,,0000-00-00 00:00:00,998285,KWS103000-500-004-12-RBCN,100,0,,2025-01-16 22:24:32,,1,1,,,5,87,0,,,,,,,,,,,,107555,,,12704,,,,,,,0,,,,,K019228,1,,,,IN,100,M1N0012,,KWS103000-500-004-12-RBCN,PRODUCTO TERMINADO,,,,1043,SKN General Purpose PFD-Blue Adult Cut/Screen/Sew,MX,,PZ,,,,,,,,,,,,,,,,,,,0.41,SKN General Purpose PFD-Blue Adult Cut/Screen/Sew,,,,,,,,,,,KWS103000-500-004-12,RBCN,,1,,1,,,,,,,,,,,1.5,2.108
107555,61,1043,,140,VISA,CRISTINA SANCHEZ,IMP/EXP,,active,2025-01-27,0000-00-00 00:00:00,2025-01-24 18:01:22,0000-00-00 00:00:00,0,,,,,,,,,0000-00-00 00:00:00,998286,KWS103000-500-004-12-RBCN,100,0,,2025-01-16 22:24:33,,1,1,,,5,88,0,,,,,,,,,,,,107555,,,12704,,,,,,,0,,,,,K019228,1,,,,IN,100,M1N0012,,KWS103000-500-004-12-RBCN,PRODUCTO TERMINADO,,,,1043,SKN General Purpose PFD-Blue Adult Cut/Screen/Sew,MX,,PZ,,,,,,,,,,,,,,,,,,,0.41,SKN General Purpose PFD-Blue Adult Cut/Screen/Sew,,,,,,,,,,,KWS103000-500-004-12,RBCN,,1,,1,,,,,,,,,,,1.5,2.108
107555,61,1043,,140,VISA,CRISTINA SANCHEZ,IMP/EXP,,active,2025-01-27,0000-00-00 00:00:00,2025-01-24 18:01:22,0000-00-00 00:00:00,0,,,,,,,,,0000-00-00 00:00:00,998287,KWS103000-500-004-12-RBCN,100,0,,2025-01-16 22:24:33,,1,1,,,5,89,0,,,,,,,,,,,,107555,,,12704,,,,,,,0,,,,,K019228,1,,,,IN,100,M1N0012,,KWS103000-500-004-12-RBCN,PRODUCTO TERMINADO,,,,1043,SKN General Purpose PFD-Blue Adult Cut/Screen/Sew,MX,,PZ,,,,,,,,,,,,,,,,,,,0.41,SKN General Purpose PFD-Blue Adult Cut/Screen/Sew,,,,,,,,,,,KWS103000-500-004-12,RBCN,,1,,1,,,,,,,,,,,1.5,2.108
107555,61,1043,,140,VISA,CRISTINA SANCHEZ,IMP/EXP,,active,2025-01-27,0000-00-00 00:00:00,2025-01-24 18:01:22,0000-00-00 00:00:00,0,,,,,,,,,0000-00-00 00:00:00,998288,KWS103000-500-004-12-RBCN,100,0,,2025-01-16 22:24:33,,1,1,,,5,90,0,,,,,,,,,,,,107555,,,12704,,,,,,,0,,,,,K019228,1,,,,IN,100,M1N0012,,KWS103000-500-004-12-RBCN,PRODUCTO TERMINADO,,,,1043,SKN General Purpose PFD-Blue Adult Cut/Screen/Sew,MX,,PZ,,,,,,,,,,,,,,,,,,,0.41,SKN General Purpose PFD-Blue Adult Cut/Screen/Sew,,,,,,,,,,,KWS103000-500-004-12,RBCN,,1,,1,,,,,,,,,,,1.5,2.108
107555,61,1043,,140,VISA,CRISTINA SANCHEZ,IMP/EXP,,active,2025-01-27,0000-00-00 00:00:00,2025-01-24 18:01:22,0000-00-00 00:00:00,0,,,,,,,,,0000-00-00 00:00:00,998289,KWS103000-500-004-12-RBCN,100,0,,2025-01-16 22:24:34,,1,1,,,5,75,0,,,,,,,,,,,,107555,,,12704,,,,,,,0,,,,,K019228,1,,,,IN,100,M1N0011,,KWS103000-500-004-12-RBCN,PRODUCTO TERMINADO,,,,1043,SKN General Purpose PFD-Blue Adult Cut/Screen/Sew,MX,,PZ,,,,,,,,,,,,,,,,,,,0.41,SKN General Purpose PFD-Blue Adult Cut/Screen/Sew,,,,,,,,,,,KWS103000-500-004-12,RBCN,,1,,1,,,,,,,,,,,1.5,2.108
107555,61,1043,,140,VISA,CRISTINA SANCHEZ,IMP/EXP,,active,2025-01-27,0000-00-00 00:00:00,2025-01-24 18:01:22,0000-00-00 00:00:00,0,,,,,,,,,0000-00-00 00:00:00,998290,KWS103000-500-004-12-RBCN,100,0,,2025-01-16 22:24:34,,1,1,,,5,76,0,,,,,,,,,,,,107555,,,12704,,,,,,,0,,,,,K019228,1,,,,IN,100,M1N0011,,KWS103000-500-004-12-RBCN,PRODUCTO TERMINADO,,,,1043,SKN General Purpose PFD-Blue Adult Cut/Screen/Sew,MX,,PZ,,,,,,,,,,,,,,,,,,,0.41,SKN General Purpose PFD-Blue Adult Cut/Screen/Sew,,,,,,,,,,,KWS103000-500-004-12,RBCN,,1,,1,,,,,,,,,,,1.5,2.108
107555,61,1043,,140,VISA,CRISTINA SANCHEZ,IMP/EXP,,active,2025-01-27,0000-00-00 00:00:00,2025-01-24 18:01:22,0000-00-00 00:00:00,0,,,,,,,,,0000-00-00 00:00:00,998291,KWS103000-500-004-12-RBCN,100,0,,2025-01-16 22:24:34,,1,1,,,5,77,0,,,,,,,,,,,,107555,,,12704,,,,,,,0,,,,,K019228,1,,,,IN,100,M1N0011,,KWS103000-500-004-12-RBCN,PRODUCTO TERMINADO,,,,1043,SKN General Purpose PFD-Blue Adult Cut/Screen/Sew,MX,,PZ,,,,,,,,,,,,,,,,,,,0.41,SKN General Purpose PFD-Blue Adult Cut/Screen/Sew,,,,,,,,,,,KWS103000-500-004-12,RBCN,,1,,1,,,,,,,,,,,1.5,2.108
107555,61,1043,,140,VISA,CRISTINA SANCHEZ,IMP/EXP,,active,2025-01-27,0000-00-00 00:00:00,2025-01-24 18:01:22,0000-00-00 00:00:00,0,,,,,,,,,0000-00-00 00:00:00,998292,KWS103000-500-004-12-RBCN,100,0,,2025-01-16 22:24:34,,1,1,,,5,78,0,,,,,,,,,,,,107555,,,12704,,,,,,,0,,,,,K019228,1,,,,IN,100,M1N0011,,KWS103000-500-004-12-RBCN,PRODUCTO TERMINADO,,,,1043,SKN General Purpose PFD-Blue Adult Cut/Screen/Sew,MX,,PZ,,,,,,,,,,,,,,,,,,,0.41,SKN General Purpose PFD-Blue Adult Cut/Screen/Sew,,,,,,,,,,,KWS103000-500-004-12,RBCN,,1,,1,,,,,,,,,,,1.5,2.108
107555,61,1043,,140,VISA,CRISTINA SANCHEZ,IMP/EXP,,active,2025-01-27,0000-00-00 00:00:00,2025-01-24 18:01:22,0000-00-00 00:00:00,0,,,,,,,,,0000-00-00 00:00:00,998293,KWS103000-500-004-12-RBCN,100,0,,2025-01-16 22:24:35,,1,1,,,5,79,0,,,,,,,,,,,,107555,,,12704,,,,,,,0,,,,,K019228,1,,,,IN,100,M1N0011,,KWS103000-500-004-12-RBCN,PRODUCTO TERMINADO,,,,1043,SKN General Purpose PFD-Blue Adult Cut/Screen/Sew,MX,,PZ,,,,,,,,,,,,,,,,,,,0.41,SKN General Purpose PFD-Blue Adult Cut/Screen/Sew,,,,,,,,,,,KWS103000-500-004-12,RBCN,,1,,1,,,,,,,,,,,1.5,2.108
107555,61,1043,,140,VISA,CRISTINA SANCHEZ,IMP/EXP,,active,2025-01-27,0000-00-00 00:00:00,2025-01-24 18:01:22,0000-00-00 00:00:00,0,,,,,,,,,0000-00-00 00:00:00,998294,KWS103000-500-004-12-RBCN,100,0,,2025-01-16 22:24:35,,1,1,,,5,80,0,,,,,,,,,,,,107555,,,12704,,,,,,,0,,,,,K019228,1,,,,IN,100,M1N0011,,KWS103000-500-004-12-RBCN,PRODUCTO TERMINADO,,,,1043,SKN General Purpose PFD-Blue Adult Cut/Screen/Sew,MX,,PZ,,,,,,,,,,,,,,,,,,,0.41,SKN General Purpose PFD-Blue Adult Cut/Screen/Sew,,,,,,,,,,,KWS103000-500-004-12,RBCN,,1,,1,,,,,,,,,,,1.5,2.108
107555,61,1043,,140,VISA,CRISTINA SANCHEZ,IMP/EXP,,active,2025-01-27,0000-00-00 00:00:00,2025-01-24 18:01:22,0000-00-00 00:00:00,0,,,,,,,,,0000-00-00 00:00:00,998295,KWS103000-500-004-12-RBCN,100,0,,2025-01-16 22:24:35,,1,1,,,5,81,0,,,,,,,,,,,,107555,,,12704,,,,,,,0,,,,,K019228,1,,,,IN,100,M1N0011,,KWS103000-500-004-12-RBCN,PRODUCTO TERMINADO,,,,1043,SKN General Purpose PFD-Blue Adult Cut/Screen/Sew,MX,,PZ,,,,,,,,,,,,,,,,,,,0.41,SKN General Purpose PFD-Blue Adult Cut/Screen/Sew,,,,,,,,,,,KWS103000-500-004-12,RBCN,,1,,1,,,,,,,,,,,1.5,2.108
107555,61,1043,,140,VISA,CRISTINA SANCHEZ,IMP/EXP,,active,2025-01-27,0000-00-00 00:00:00,2025-01-24 18:01:22,0000-00-00 00:00:00,0,,,,,,,,,0000-00-00 00:00:00,998296,KWS103000-500-004-12-RBCN,100,0,,2025-01-16 22:24:36,,1,1,,,5,82,0,,,,,,,,,,,,107555,,,12704,,,,,,,0,,,,,K019228,1,,,,IN,100,M1N0011,,KWS103000-500-004-12-RBCN,PRODUCTO TERMINADO,,,,1043,SKN General Purpose PFD-Blue Adult Cut/Screen/Sew,MX,,PZ,,,,,,,,,,,,,,,,,,,0.41,SKN General Purpose PFD-Blue Adult Cut/Screen/Sew,,,,,,,,,,,KWS103000-500-004-12,RBCN,,1,,1,,,,,,,,,,,1.5,2.108
107555,61,1043,,140,VISA,CRISTINA SANCHEZ,IMP/EXP,,active,2025-01-27,0000-00-00 00:00:00,2025-01-24 18:01:22,0000-00-00 00:00:00,0,,,,,,,,,0000-00-00 00:00:00,998297,KWS103000-500-004-12-RBCN,100,0,,2025-01-16 22:24:36,,1,1,,,5,83,0,,,,,,,,,,,,107555,,,12704,,,,,,,0,,,,,K019228,1,,,,IN,100,M1N0011,,KWS103000-500-004-12-RBCN,PRODUCTO TERMINADO,,,,1043,SKN General Purpose PFD-Blue Adult Cut/Screen/Sew,MX,,PZ,,,,,,,,,,,,,,,,,,,0.41,SKN General Purpose PFD-Blue Adult Cut/Screen/Sew,,,,,,,,,,,KWS103000-500-004-12,RBCN,,1,,1,,,,,,,,,,,1.5,2.108
107555,61,1043,,140,VISA,CRISTINA SANCHEZ,IMP/EXP,,active,2025-01-27,0000-00-00 00:00:00,2025-01-24 18:01:22,0000-00-00 00:00:00,0,,,,,,,,,0000-00-00 00:00:00,998298,KWS103000-500-004-12-RBCN,100,0,,2025-01-16 22:24:36,,1,1,,,5,84,0,,,,,,,,,,,,107555,,,12704,,,,,,,0,,,,,K019228,1,,,,IN,100,M1N0011,,KWS103000-500-004-12-RBCN,PRODUCTO TERMINADO,,,,1043,SKN General Purpose PFD-Blue Adult Cut/Screen/Sew,MX,,PZ,,,,,,,,,,,,,,,,,,,0.41,SKN General Purpose PFD-Blue Adult Cut/Screen/Sew,,,,,,,,,,,KWS103000-500-004-12,RBCN,,1,,1,,,,,,,,,,,1.5,2.108
107555,61,1043,,140,VISA,CRISTINA SANCHEZ,IMP/EXP,,active,2025-01-27,0000-00-00 00:00:00,2025-01-24 18:01:22,0000-00-00 00:00:00,0,,,,,,,,,0000-00-00 00:00:00,998299,KWS103000-500-004-12-RBCN,100,0,,2025-01-16 22:24:37,,1,1,,,5,73,0,,,,,,,,,,,,107555,,,12704,,,,,,,0,,,,,K019228,1,,,,IN,100,M1N0010,,KWS103000-500-004-12-RBCN,PRODUCTO TERMINADO,,,,1043,SKN General Purpose PFD-Blue Adult Cut/Screen/Sew,MX,,PZ,,,,,,,,,,,,,,,,,,,0.41,SKN General Purpose PFD-Blue Adult Cut/Screen/Sew,,,,,,,,,,,KWS103000-500-004-12,RBCN,,1,,1,,,,,,,,,,,1.5,2.108
107555,61,1043,,140,VISA,CRISTINA SANCHEZ,IMP/EXP,,active,2025-01-27,0000-00-00 00:00:00,2025-01-24 18:01:22,0000-00-00 00:00:00,0,,,,,,,,,0000-00-00 00:00:00,998300,KWS103000-500-004-12-RBCN,100,0,,2025-01-16 22:24:37,,1,1,,,5,74,0,,,,,,,,,,,,107555,,,12704,,,,,,,0,,,,,K019228,1,,,,IN,100,M1N0010,,KWS103000-500-004-12-RBCN,PRODUCTO TERMINADO,,,,1043,SKN General Purpose PFD-Blue Adult Cut/Screen/Sew,MX,,PZ,,,,,,,,,,,,,,,,,,,0.41,SKN General Purpose PFD-Blue Adult Cut/Screen/Sew,,,,,,,,,,,KWS103000-500-004-12,RBCN,,1,,1,,,,,,,,,,,1.5,2.108
107555,61,1043,,140,VISA,CRISTINA SANCHEZ,IMP/EXP,,active,2025-01-27,0000-00-00 00:00:00,2025-01-24 18:01:22,0000-00-00 00:00:00,0,,,,,,,,,0000-00-00 00:00:00,998301,KWS103000-500-004-12-RBCN,100,0,,2025-01-16 22:24:37,,1,1,,,4,65,0,,,,,,,,,,,,107555,,,12704,,,,,,,0,,,,,K019228,1,,,,IN,100,M1N0010,,KWS103000-500-004-12-RBCN,PRODUCTO TERMINADO,,,,1043,SKN General Purpose PFD-Blue Adult Cut/Screen/Sew,MX,,PZ,,,,,,,,,,,,,,,,,,,0.41,SKN General Purpose PFD-Blue Adult Cut/Screen/Sew,,,,,,,,,,,KWS103000-500-004-12,RBCN,,1,,1,,,,,,,,,,,1.5,2.108
107555,61,1043,,140,VISA,CRISTINA SANCHEZ,IMP/EXP,,active,2025-01-27,0000-00-00 00:00:00,2025-01-24 18:01:22,0000-00-00 00:00:00,0,,,,,,,,,0000-00-00 00:00:00,998302,KWS103000-500-004-12-RBCN,100,0,,2025-01-16 22:24:37,,1,1,,,4,66,0,,,,,,,,,,,,107555,,,12704,,,,,,,0,,,,,K019228,1,,,,IN,100,M1N0010,,KWS103000-500-004-12-RBCN,PRODUCTO TERMINADO,,,,1043,SKN General Purpose PFD-Blue Adult Cut/Screen/Sew,MX,,PZ,,,,,,,,,,,,,,,,,,,0.41,SKN General Purpose PFD-Blue Adult Cut/Screen/Sew,,,,,,,,,,,KWS103000-500-004-12,RBCN,,1,,1,,,,,,,,,,,1.5,2.108
107555,61,1043,,140,VISA,CRISTINA SANCHEZ,IMP/EXP,,active,2025-01-27,0000-00-00 00:00:00,2025-01-24 18:01:22,0000-00-00 00:00:00,0,,,,,,,,,0000-00-00 00:00:00,998303,KWS103000-500-004-12-RBCN,100,0,,2025-01-16 22:24:38,,1,1,,,4,67,0,,,,,,,,,,,,107555,,,12704,,,,,,,0,,,,,K019228,1,,,,IN,100,M1N0010,,KWS103000-500-004-12-RBCN,PRODUCTO TERMINADO,,,,1043,SKN General Purpose PFD-Blue Adult Cut/Screen/Sew,MX,,PZ,,,,,,,,,,,,,,,,,,,0.41,SKN General Purpose PFD-Blue Adult Cut/Screen/Sew,,,,,,,,,,,KWS103000-500-004-12,RBCN,,1,,1,,,,,,,,,,,1.5,2.108
107555,61,1043,,140,VISA,CRISTINA SANCHEZ,IMP/EXP,,active,2025-01-27,0000-00-00 00:00:00,2025-01-24 18:01:22,0000-00-00 00:00:00,0,,,,,,,,,0000-00-00 00:00:00,998304,KWS103000-500-004-12-RBCN,100,0,,2025-01-16 22:24:38,,1,1,,,4,68,0,,,,,,,,,,,,107555,,,12704,,,,,,,0,,,,,K019228,1,,,,IN,100,M1N0010,,KWS103000-500-004-12-RBCN,PRODUCTO TERMINADO,,,,1043,SKN General Purpose PFD-Blue Adult Cut/Screen/Sew,MX,,PZ,,,,,,,,,,,,,,,,,,,0.41,SKN General Purpose PFD-Blue Adult Cut/Screen/Sew,,,,,,,,,,,KWS103000-500-004-12,RBCN,,1,,1,,,,,,,,,,,1.5,2.108
107555,61,1043,,140,VISA,CRISTINA SANCHEZ,IMP/EXP,,active,2025-01-27,0000-00-00 00:00:00,2025-01-24 18:01:22,0000-00-00 00:00:00,0,,,,,,,,,0000-00-00 00:00:00,998305,KWS103000-500-004-12-RBCN,100,0,,2025-01-16 22:24:38,,1,1,,,4,69,0,,,,,,,,,,,,107555,,,12704,,,,,,,0,,,,,K019228,1,,,,IN,100,M1N0010,,KWS103000-500-004-12-RBCN,PRODUCTO TERMINADO,,,,1043,SKN General Purpose PFD-Blue Adult Cut/Screen/Sew,MX,,PZ,,,,,,,,,,,,,,,,,,,0.41,SKN General Purpose PFD-Blue Adult Cut/Screen/Sew,,,,,,,,,,,KWS103000-500-004-12,RBCN,,1,,1,,,,,,,,,,,1.5,2.108
107555,61,1043,,140,VISA,CRISTINA SANCHEZ,IMP/EXP,,active,2025-01-27,0000-00-00 00:00:00,2025-01-24 18:01:22,0000-00-00 00:00:00,0,,,,,,,,,0000-00-00 00:00:00,998306,KWS103000-500-004-12-RBCN,100,0,,2025-01-16 22:24:39,,1,1,,,4,70,0,,,,,,,,,,,,107555,,,12704,,,,,,,0,,,,,K019228,1,,,,IN,100,M1N0010,,KWS103000-500-004-12-RBCN,PRODUCTO TERMINADO,,,,1043,SKN General Purpose PFD-Blue Adult Cut/Screen/Sew,MX,,PZ,,,,,,,,,,,,,,,,,,,0.41,SKN General Purpose PFD-Blue Adult Cut/Screen/Sew,,,,,,,,,,,KWS103000-500-004-12,RBCN,,1,,1,,,,,,,,,,,1.5,2.108
107555,61,1043,,140,VISA,CRISTINA SANCHEZ,IMP/EXP,,active,2025-01-27,0000-00-00 00:00:00,2025-01-24 18:01:22,0000-00-00 00:00:00,0,,,,,,,,,0000-00-00 00:00:00,998307,KWS103000-500-004-12-RBCN,100,0,,2025-01-16 22:24:39,,1,1,,,4,71,0,,,,,,,,,,,,107555,,,12704,,,,,,,0,,,,,K019228,1,,,,IN,100,M1N0010,,KWS103000-500-004-12-RBCN,PRODUCTO TERMINADO,,,,1043,SKN General Purpose PFD-Blue Adult Cut/Screen/Sew,MX,,PZ,,,,,,,,,,,,,,,,,,,0.41,SKN General Purpose PFD-Blue Adult Cut/Screen/Sew,,,,,,,,,,,KWS103000-500-004-12,RBCN,,1,,1,,,,,,,,,,,1.5,2.108
107555,61,1043,,140,VISA,CRISTINA SANCHEZ,IMP/EXP,,active,2025-01-27,0000-00-00 00:00:00,2025-01-24 18:01:22,0000-00-00 00:00:00,0,,,,,,,,,0000-00-00 00:00:00,998308,KWS103000-500-004-12-RBCN,100,0,,2025-01-16 22:24:39,,1,1,,,4,72,0,,,,,,,,,,,,107555,,,12704,,,,,,,0,,,,,K019228,1,,,,IN,100,M1N0010,,KWS103000-500-004-12-RBCN,PRODUCTO TERMINADO,,,,1043,SKN General Purpose PFD-Blue Adult Cut/Screen/Sew,MX,,PZ,,,,,,,,,,,,,,,,,,,0.41,SKN General Purpose PFD-Blue Adult Cut/Screen/Sew,,,,,,,,,,,KWS103000-500-004-12,RBCN,,1,,1,,,,,,,,,,,1.5,2.108
107555,61,1043,,140,VISA,CRISTINA SANCHEZ,IMP/EXP,,active,2025-01-27,0000-00-00 00:00:00,2025-01-24 18:01:22,0000-00-00 00:00:00,0,,,,,,,,,0000-00-00 00:00:00,998309,KWS103000-500-004-12-RBCN,100,0,,2025-01-16 22:24:39,,1,1,,,4,55,0,,,,,,,,,,,,107555,,,12704,,,,,,,0,,,,,K019228,1,,,,IN,100,M1N0009,,KWS103000-500-004-12-RBCN,PRODUCTO TERMINADO,,,,1043,SKN General Purpose PFD-Blue Adult Cut/Screen/Sew,MX,,PZ,,,,,,,,,,,,,,,,,,,0.41,SKN General Purpose PFD-Blue Adult Cut/Screen/Sew,,,,,,,,,,,KWS103000-500-004-12,RBCN,,1,,1,,,,,,,,,,,1.5,2.108
107555,61,1043,,140,VISA,CRISTINA SANCHEZ,IMP/EXP,,active,2025-01-27,0000-00-00 00:00:00,2025-01-24 18:01:22,0000-00-00 00:00:00,0,,,,,,,,,0000-00-00 00:00:00,998310,KWS103000-500-004-12-RBCN,100,0,,2025-01-16 22:24:40,,1,1,,,4,56,0,,,,,,,,,,,,107555,,,12704,,,,,,,0,,,,,K019228,1,,,,IN,100,M1N0009,,KWS103000-500-004-12-RBCN,PRODUCTO TERMINADO,,,,1043,SKN General Purpose PFD-Blue Adult Cut/Screen/Sew,MX,,PZ,,,,,,,,,,,,,,,,,,,0.41,SKN General Purpose PFD-Blue Adult Cut/Screen/Sew,,,,,,,,,,,KWS103000-500-004-12,RBCN,,1,,1,,,,,,,,,,,1.5,2.108
107555,61,1043,,140,VISA,CRISTINA SANCHEZ,IMP/EXP,,active,2025-01-27,0000-00-00 00:00:00,2025-01-24 18:01:22,0000-00-00 00:00:00,0,,,,,,,,,0000-00-00 00:00:00,998311,KWS103000-500-004-12-RBCN,100,0,,2025-01-16 22:24:40,,1,1,,,4,57,0,,,,,,,,,,,,107555,,,12704,,,,,,,0,,,,,K019228,1,,,,IN,100,M1N0009,,KWS103000-500-004-12-RBCN,PRODUCTO TERMINADO,,,,1043,SKN General Purpose PFD-Blue Adult Cut/Screen/Sew,MX,,PZ,,,,,,,,,,,,,,,,,,,0.41,SKN General Purpose PFD-Blue Adult Cut/Screen/Sew,,,,,,,,,,,KWS103000-500-004-12,RBCN,,1,,1,,,,,,,,,,,1.5,2.108
107555,61,1043,,140,VISA,CRISTINA SANCHEZ,IMP/EXP,,active,2025-01-27,0000-00-00 00:00:00,2025-01-24 18:01:22,0000-00-00 00:00:00,0,,,,,,,,,0000-00-00 00:00:00,998312,KWS103000-500-004-12-RBCN,100,0,,2025-01-16 22:24:40,,1,1,,,4,58,0,,,,,,,,,,,,107555,,,12704,,,,,,,0,,,,,K019228,1,,,,IN,100,M1N0009,,KWS103000-500-004-12-RBCN,PRODUCTO TERMINADO,,,,1043,SKN General Purpose PFD-Blue Adult Cut/Screen/Sew,MX,,PZ,,,,,,,,,,,,,,,,,,,0.41,SKN General Purpose PFD-Blue Adult Cut/Screen/Sew,,,,,,,,,,,KWS103000-500-004-12,RBCN,,1,,1,,,,,,,,,,,1.5,2.108
107555,61,1043,,140,VISA,CRISTINA SANCHEZ,IMP/EXP,,active,2025-01-27,0000-00-00 00:00:00,2025-01-24 18:01:22,0000-00-00 00:00:00,0,,,,,,,,,0000-00-00 00:00:00,998313,KWS103000-500-004-12-RBCN,100,0,,2025-01-16 22:24:41,,1,1,,,4,59,0,,,,,,,,,,,,107555,,,12704,,,,,,,0,,,,,K019228,1,,,,IN,100,M1N0009,,KWS103000-500-004-12-RBCN,PRODUCTO TERMINADO,,,,1043,SKN General Purpose PFD-Blue Adult Cut/Screen/Sew,MX,,PZ,,,,,,,,,,,,,,,,,,,0.41,SKN General Purpose PFD-Blue Adult Cut/Screen/Sew,,,,,,,,,,,KWS103000-500-004-12,RBCN,,1,,1,,,,,,,,,,,1.5,2.108
107555,61,1043,,140,VISA,CRISTINA SANCHEZ,IMP/EXP,,active,2025-01-27,0000-00-00 00:00:00,2025-01-24 18:01:22,0000-00-00 00:00:00,0,,,,,,,,,0000-00-00 00:00:00,998314,KWS103000-500-004-12-RBCN,100,0,,2025-01-16 22:24:41,,1,1,,,4,60,0,,,,,,,,,,,,107555,,,12704,,,,,,,0,,,,,K019228,1,,,,IN,100,M1N0009,,KWS103000-500-004-12-RBCN,PRODUCTO TERMINADO,,,,1043,SKN General Purpose PFD-Blue Adult Cut/Screen/Sew,MX,,PZ,,,,,,,,,,,,,,,,,,,0.41,SKN General Purpose PFD-Blue Adult Cut/Screen/Sew,,,,,,,,,,,KWS103000-500-004-12,RBCN,,1,,1,,,,,,,,,,,1.5,2.108
107555,61,1043,,140,VISA,CRISTINA SANCHEZ,IMP/EXP,,active,2025-01-27,0000-00-00 00:00:00,2025-01-24 18:01:22,0000-00-00 00:00:00,0,,,,,,,,,0000-00-00 00:00:00,998315,KWS103000-500-004-12-RBCN,100,0,,2025-01-16 22:24:41,,1,1,,,4,61,0,,,,,,,,,,,,107555,,,12704,,,,,,,0,,,,,K019228,1,,,,IN,100,M1N0009,,KWS103000-500-004-12-RBCN,PRODUCTO TERMINADO,,,,1043,SKN General Purpose PFD-Blue Adult Cut/Screen/Sew,MX,,PZ,,,,,,,,,,,,,,,,,,,0.41,SKN General Purpose PFD-Blue Adult Cut/Screen/Sew,,,,,,,,,,,KWS103000-500-004-12,RBCN,,1,,1,,,,,,,,,,,1.5,2.108
107555,61,1043,,140,VISA,CRISTINA SANCHEZ,IMP/EXP,,active,2025-01-27,0000-00-00 00:00:00,2025-01-24 18:01:22,0000-00-00 00:00:00,0,,,,,,,,,0000-00-00 00:00:00,998316,KWS103000-500-004-12-RBCN,100,0,,2025-01-16 22:24:41,,1,1,,,4,62,0,,,,,,,,,,,,107555,,,12704,,,,,,,0,,,,,K019228,1,,,,IN,100,M1N0009,,KWS103000-500-004-12-RBCN,PRODUCTO TERMINADO,,,,1043,SKN General Purpose PFD-Blue Adult Cut/Screen/Sew,MX,,PZ,,,,,,,,,,,,,,,,,,,0.41,SKN General Purpose PFD-Blue Adult Cut/Screen/Sew,,,,,,,,,,,KWS103000-500-004-12,RBCN,,1,,1,,,,,,,,,,,1.5,2.108
107555,61,1043,,140,VISA,CRISTINA SANCHEZ,IMP/EXP,,active,2025-01-27,0000-00-00 00:00:00,2025-01-24 18:01:22,0000-00-00 00:00:00,0,,,,,,,,,0000-00-00 00:00:00,998317,KWS103000-500-004-12-RBCN,100,0,,2025-01-16 22:24:42,,1,1,,,4,63,0,,,,,,,,,,,,107555,,,12704,,,,,,,0,,,,,K019228,1,,,,IN,100,M1N0009,,KWS103000-500-004-12-RBCN,PRODUCTO TERMINADO,,,,1043,SKN General Purpose PFD-Blue Adult Cut/Screen/Sew,MX,,PZ,,,,,,,,,,,,,,,,,,,0.41,SKN General Purpose PFD-Blue Adult Cut/Screen/Sew,,,,,,,,,,,KWS103000-500-004-12,RBCN,,1,,1,,,,,,,,,,,1.5,2.108
107555,61,1043,,140,VISA,CRISTINA SANCHEZ,IMP/EXP,,active,2025-01-27,0000-00-00 00:00:00,2025-01-24 18:01:22,0000-00-00 00:00:00,0,,,,,,,,,0000-00-00 00:00:00,998318,KWS103000-500-004-12-RBCN,100,0,,2025-01-16 22:24:42,,1,1,,,4,64,0,,,,,,,,,,,,107555,,,12704,,,,,,,0,,,,,K019228,1,,,,IN,100,M1N0009,,KWS103000-500-004-12-RBCN,PRODUCTO TERMINADO,,,,1043,SKN General Purpose PFD-Blue Adult Cut/Screen/Sew,MX,,PZ,,,,,,,,,,,,,,,,,,,0.41,SKN General Purpose PFD-Blue Adult Cut/Screen/Sew,,,,,,,,,,,KWS103000-500-004-12,RBCN,,1,,1,,,,,,,,,,,1.5,2.108
107555,61,1043,,140,VISA,CRISTINA SANCHEZ,IMP/EXP,,active,2025-01-27,0000-00-00 00:00:00,2025-01-24 18:01:22,0000-00-00 00:00:00,0,,,,,,,,,0000-00-00 00:00:00,1001167,KWS103000-500-005-12-RBCN,100,0,,2025-01-21 20:45:40,,1,1,,,7,115,0,,,,,,,,,,,,107555,,,12705,,,,,,,0,,,,,K019228,1,,,,IN,100,M1N0015,,KWS103000-500-005-12-RBCN,PRODUCTO TERMINADO,,,,1043,SNK General Purpose PFD-Blue Adult Oversize Cut/Screen/Sew,MX,,PZ,,,,,,,,,,,,,,,,,,,0.448,SNK General Purpose PFD-Blue Adult Oversize Cut/Screen/Sew,,,,,,,,,,,KWS103000-500-005-12,RBCN,,1,,1,,,,,,,,,,,1.74,2.108
107555,61,1043,,140,VISA,CRISTINA SANCHEZ,IMP/EXP,,active,2025-01-27,0000-00-00 00:00:00,2025-01-24 18:01:22,0000-00-00 00:00:00,0,,,,,,,,,0000-00-00 00:00:00,1001168,KWS103000-500-005-12-RBCN,100,0,,2025-01-21 20:45:40,,1,1,,,7,116,0,,,,,,,,,,,,107555,,,12705,,,,,,,0,,,,,K019228,1,,,,IN,100,M1N0015,,KWS103000-500-005-12-RBCN,PRODUCTO TERMINADO,,,,1043,SNK General Purpose PFD-Blue Adult Oversize Cut/Screen/Sew,MX,,PZ,,,,,,,,,,,,,,,,,,,0.448,SNK General Purpose PFD-Blue Adult Oversize Cut/Screen/Sew,,,,,,,,,,,KWS103000-500-005-12,RBCN,,1,,1,,,,,,,,,,,1.74,2.108
107555,61,1043,,140,VISA,CRISTINA SANCHEZ,IMP/EXP,,active,2025-01-27,0000-00-00 00:00:00,2025-01-24 18:01:22,0000-00-00 00:00:00,0,,,,,,,,,0000-00-00 00:00:00,1001169,KWS103000-500-005-12-RBCN,100,0,,2025-01-21 20:45:41,,1,1,,,7,117,0,,,,,,,,,,,,107555,,,12705,,,,,,,0,,,,,K019228,1,,,,IN,100,M1N0015,,KWS103000-500-005-12-RBCN,PRODUCTO TERMINADO,,,,1043,SNK General Purpose PFD-Blue Adult Oversize Cut/Screen/Sew,MX,,PZ,,,,,,,,,,,,,,,,,,,0.448,SNK General Purpose PFD-Blue Adult Oversize Cut/Screen/Sew,,,,,,,,,,,KWS103000-500-005-12,RBCN,,1,,1,,,,,,,,,,,1.74,2.108
107555,61,1043,,140,VISA,CRISTINA SANCHEZ,IMP/EXP,,active,2025-01-27,0000-00-00 00:00:00,2025-01-24 18:01:22,0000-00-00 00:00:00,0,,,,,,,,,0000-00-00 00:00:00,1001170,KWS103000-500-005-12-RBCN,100,0,,2025-01-21 20:45:41,,1,1,,,7,118,0,,,,,,,,,,,,107555,,,12705,,,,,,,0,,,,,K019228,1,,,,IN,100,M1N0015,,KWS103000-500-005-12-RBCN,PRODUCTO TERMINADO,,,,1043,SNK General Purpose PFD-Blue Adult Oversize Cut/Screen/Sew,MX,,PZ,,,,,,,,,,,,,,,,,,,0.448,SNK General Purpose PFD-Blue Adult Oversize Cut/Screen/Sew,,,,,,,,,,,KWS103000-500-005-12,RBCN,,1,,1,,,,,,,,,,,1.74,2.108
107555,61,1043,,140,VISA,CRISTINA SANCHEZ,IMP/EXP,,active,2025-01-27,0000-00-00 00:00:00,2025-01-24 18:01:22,0000-00-00 00:00:00,0,,,,,,,,,0000-00-00 00:00:00,1001171,KWS103000-500-005-12-RBCN,100,0,,2025-01-21 20:45:41,,1,1,,,7,119,0,,,,,,,,,,,,107555,,,12705,,,,,,,0,,,,,K019228,1,,,,IN,100,M1N0015,,KWS103000-500-005-12-RBCN,PRODUCTO TERMINADO,,,,1043,SNK General Purpose PFD-Blue Adult Oversize Cut/Screen/Sew,MX,,PZ,,,,,,,,,,,,,,,,,,,0.448,SNK General Purpose PFD-Blue Adult Oversize Cut/Screen/Sew,,,,,,,,,,,KWS103000-500-005-12,RBCN,,1,,1,,,,,,,,,,,1.74,2.108
107555,61,1043,,140,VISA,CRISTINA SANCHEZ,IMP/EXP,,active,2025-01-27,0000-00-00 00:00:00,2025-01-24 18:01:22,0000-00-00 00:00:00,0,,,,,,,,,0000-00-00 00:00:00,1001172,KWS103000-500-005-12-RBCN,100,0,,2025-01-21 20:45:42,,1,1,,,7,120,0,,,,,,,,,,,,107555,,,12705,,,,,,,0,,,,,K019228,1,,,,IN,100,M1N0015,,KWS103000-500-005-12-RBCN,PRODUCTO TERMINADO,,,,1043,SNK General Purpose PFD-Blue Adult Oversize Cut/Screen/Sew,MX,,PZ,,,,,,,,,,,,,,,,,,,0.448,SNK General Purpose PFD-Blue Adult Oversize Cut/Screen/Sew,,,,,,,,,,,KWS103000-500-005-12,RBCN,,1,,1,,,,,,,,,,,1.74,2.108
107555,61,1043,,140,VISA,CRISTINA SANCHEZ,IMP/EXP,,active,2025-01-27,0000-00-00 00:00:00,2025-01-24 18:01:22,0000-00-00 00:00:00,0,,,,,,,,,0000-00-00 00:00:00,1001173,KWS103000-500-005-12-RBCN,100,0,,2025-01-21 20:45:42,,1,1,,,7,121,0,,,,,,,,,,,,107555,,,12705,,,,,,,0,,,,,K019228,1,,,,IN,100,M1N0015,,KWS103000-500-005-12-RBCN,PRODUCTO TERMINADO,,,,1043,SNK General Purpose PFD-Blue Adult Oversize Cut/Screen/Sew,MX,,PZ,,,,,,,,,,,,,,,,,,,0.448,SNK General Purpose PFD-Blue Adult Oversize Cut/Screen/Sew,,,,,,,,,,,KWS103000-500-005-12,RBCN,,1,,1,,,,,,,,,,,1.74,2.108
107555,61,1043,,140,VISA,CRISTINA SANCHEZ,IMP/EXP,,active,2025-01-27,0000-00-00 00:00:00,2025-01-24 18:01:22,0000-00-00 00:00:00,0,,,,,,,,,0000-00-00 00:00:00,1001174,KWS103000-500-005-12-RBCN,100,0,,2025-01-21 20:45:42,,1,1,,,7,122,0,,,,,,,,,,,,107555,,,12705,,,,,,,0,,,,,K019228,1,,,,IN,100,M1N0015,,KWS103000-500-005-12-RBCN,PRODUCTO TERMINADO,,,,1043,SNK General Purpose PFD-Blue Adult Oversize Cut/Screen/Sew,MX,,PZ,,,,,,,,,,,,,,,,,,,0.448,SNK General Purpose PFD-Blue Adult Oversize Cut/Screen/Sew,,,,,,,,,,,KWS103000-500-005-12,RBCN,,1,,1,,,,,,,,,,,1.74,2.108
107555,61,1043,,140,VISA,CRISTINA SANCHEZ,IMP/EXP,,active,2025-01-27,0000-00-00 00:00:00,2025-01-24 18:01:22,0000-00-00 00:00:00,0,,,,,,,,,0000-00-00 00:00:00,1001175,KWS103000-500-005-12-RBCN,100,0,,2025-01-21 20:45:42,,1,1,,,7,123,0,,,,,,,,,,,,107555,,,12705,,,,,,,0,,,,,K019228,1,,,,IN,100,M1N0015,,KWS103000-500-005-12-RBCN,PRODUCTO TERMINADO,,,,1043,SNK General Purpose PFD-Blue Adult Oversize Cut/Screen/Sew,MX,,PZ,,,,,,,,,,,,,,,,,,,0.448,SNK General Purpose PFD-Blue Adult Oversize Cut/Screen/Sew,,,,,,,,,,,KWS103000-500-005-12,RBCN,,1,,1,,,,,,,,,,,1.74,2.108
107555,61,1043,,140,VISA,CRISTINA SANCHEZ,IMP/EXP,,active,2025-01-27,0000-00-00 00:00:00,2025-01-24 18:01:22,0000-00-00 00:00:00,0,,,,,,,,,0000-00-00 00:00:00,1001176,KWS103000-500-005-12-RBCN,100,0,,2025-01-21 20:45:43,,1,1,,,7,124,0,,,,,,,,,,,,107555,,,12705,,,,,,,0,,,,,K019228,1,,,,IN,100,M1N0015,,KWS103000-500-005-12-RBCN,PRODUCTO TERMINADO,,,,1043,SNK General Purpose PFD-Blue Adult Oversize Cut/Screen/Sew,MX,,PZ,,,,,,,,,,,,,,,,,,,0.448,SNK General Purpose PFD-Blue Adult Oversize Cut/Screen/Sew,,,,,,,,,,,KWS103000-500-005-12,RBCN,,1,,1,,,,,,,,,,,1.74,2.108
107555,61,1043,,140,VISA,CRISTINA SANCHEZ,IMP/EXP,,active,2025-01-27,0000-00-00 00:00:00,2025-01-24 18:01:22,0000-00-00 00:00:00,0,,,,,,,,,0000-00-00 00:00:00,1001177,KWS103000-500-005-12-RBCN,100,0,,2025-01-21 20:45:43,,1,1,,,7,109,0,,,,,,,,,,,,107555,,,12705,,,,,,,0,,,,,K019228,1,,,,IN,100,M1N0014,,KWS103000-500-005-12-RBCN,PRODUCTO TERMINADO,,,,1043,SNK General Purpose PFD-Blue Adult Oversize Cut/Screen/Sew,MX,,PZ,,,,,,,,,,,,,,,,,,,0.448,SNK General Purpose PFD-Blue Adult Oversize Cut/Screen/Sew,,,,,,,,,,,KWS103000-500-005-12,RBCN,,1,,1,,,,,,,,,,,1.74,2.108
107555,61,1043,,140,VISA,CRISTINA SANCHEZ,IMP/EXP,,active,2025-01-27,0000-00-00 00:00:00,2025-01-24 18:01:22,0000-00-00 00:00:00,0,,,,,,,,,0000-00-00 00:00:00,1001178,KWS103000-500-005-12-RBCN,100,0,,2025-01-21 20:45:43,,1,1,,,7,110,0,,,,,,,,,,,,107555,,,12705,,,,,,,0,,,,,K019228,1,,,,IN,100,M1N0014,,KWS103000-500-005-12-RBCN,PRODUCTO TERMINADO,,,,1043,SNK General Purpose PFD-Blue Adult Oversize Cut/Screen/Sew,MX,,PZ,,,,,,,,,,,,,,,,,,,0.448,SNK General Purpose PFD-Blue Adult Oversize Cut/Screen/Sew,,,,,,,,,,,KWS103000-500-005-12,RBCN,,1,,1,,,,,,,,,,,1.74,2.108
107555,61,1043,,140,VISA,CRISTINA SANCHEZ,IMP/EXP,,active,2025-01-27,0000-00-00 00:00:00,2025-01-24 18:01:22,0000-00-00 00:00:00,0,,,,,,,,,0000-00-00 00:00:00,1001179,KWS103000-500-005-12-RBCN,100,0,,2025-01-21 20:45:44,,1,1,,,7,111,0,,,,,,,,,,,,107555,,,12705,,,,,,,0,,,,,K019228,1,,,,IN,100,M1N0014,,KWS103000-500-005-12-RBCN,PRODUCTO TERMINADO,,,,1043,SNK General Purpose PFD-Blue Adult Oversize Cut/Screen/Sew,MX,,PZ,,,,,,,,,,,,,,,,,,,0.448,SNK General Purpose PFD-Blue Adult Oversize Cut/Screen/Sew,,,,,,,,,,,KWS103000-500-005-12,RBCN,,1,,1,,,,,,,,,,,1.74,2.108
107555,61,1043,,140,VISA,CRISTINA SANCHEZ,IMP/EXP,,active,2025-01-27,0000-00-00 00:00:00,2025-01-24 18:01:22,0000-00-00 00:00:00,0,,,,,,,,,0000-00-00 00:00:00,1001180,KWS103000-500-005-12-RBCN,100,0,,2025-01-21 20:45:44,,1,1,,,7,112,0,,,,,,,,,,,,107555,,,12705,,,,,,,0,,,,,K019228,1,,,,IN,100,M1N0014,,KWS103000-500-005-12-RBCN,PRODUCTO TERMINADO,,,,1043,SNK General Purpose PFD-Blue Adult Oversize Cut/Screen/Sew,MX,,PZ,,,,,,,,,,,,,,,,,,,0.448,SNK General Purpose PFD-Blue Adult Oversize Cut/Screen/Sew,,,,,,,,,,,KWS103000-500-005-12,RBCN,,1,,1,,,,,,,,,,,1.74,2.108
107555,61,1043,,140,VISA,CRISTINA SANCHEZ,IMP/EXP,,active,2025-01-27,0000-00-00 00:00:00,2025-01-24 18:01:22,0000-00-00 00:00:00,0,,,,,,,,,0000-00-00 00:00:00,1001181,KWS103000-500-005-12-RBCN,100,0,,2025-01-21 20:45:44,,1,1,,,7,113,0,,,,,,,,,,,,107555,,,12705,,,,,,,0,,,,,K019228,1,,,,IN,100,M1N0014,,KWS103000-500-005-12-RBCN,PRODUCTO TERMINADO,,,,1043,SNK General Purpose PFD-Blue Adult Oversize Cut/Screen/Sew,MX,,PZ,,,,,,,,,,,,,,,,,,,0.448,SNK General Purpose PFD-Blue Adult Oversize Cut/Screen/Sew,,,,,,,,,,,KWS103000-500-005-12,RBCN,,1,,1,,,,,,,,,,,1.74,2.108
107555,61,1043,,140,VISA,CRISTINA SANCHEZ,IMP/EXP,,active,2025-01-27,0000-00-00 00:00:00,2025-01-24 18:01:22,0000-00-00 00:00:00,0,,,,,,,,,0000-00-00 00:00:00,1001182,KWS103000-500-005-12-RBCN,100,0,,2025-01-21 20:45:44,,1,1,,,7,114,0,,,,,,,,,,,,107555,,,12705,,,,,,,0,,,,,K019228,1,,,,IN,100,M1N0014,,KWS103000-500-005-12-RBCN,PRODUCTO TERMINADO,,,,1043,SNK General Purpose PFD-Blue Adult Oversize Cut/Screen/Sew,MX,,PZ,,,,,,,,,,,,,,,,,,,0.448,SNK General Purpose PFD-Blue Adult Oversize Cut/Screen/Sew,,,,,,,,,,,KWS103000-500-005-12,RBCN,,1,,1,,,,,,,,,,,1.74,2.108
107555,61,1043,,140,VISA,CRISTINA SANCHEZ,IMP/EXP,,active,2025-01-27,0000-00-00 00:00:00,2025-01-24 18:01:22,0000-00-00 00:00:00,0,,,,,,,,,0000-00-00 00:00:00,1001183,KWS103000-500-005-12-RBCN,100,0,,2025-01-21 20:45:45,,1,1,,,6,105,0,,,,,,,,,,,,107555,,,12705,,,,,,,0,,,,,K019228,1,,,,IN,100,M1N0014,,KWS103000-500-005-12-RBCN,PRODUCTO TERMINADO,,,,1043,SNK General Purpose PFD-Blue Adult Oversize Cut/Screen/Sew,MX,,PZ,,,,,,,,,,,,,,,,,,,0.448,SNK General Purpose PFD-Blue Adult Oversize Cut/Screen/Sew,,,,,,,,,,,KWS103000-500-005-12,RBCN,,1,,1,,,,,,,,,,,1.74,2.108
107555,61,1043,,140,VISA,CRISTINA SANCHEZ,IMP/EXP,,active,2025-01-27,0000-00-00 00:00:00,2025-01-24 18:01:22,0000-00-00 00:00:00,0,,,,,,,,,0000-00-00 00:00:00,1001184,KWS103000-500-005-12-RBCN,100,0,,2025-01-21 20:45:45,,1,1,,,6,106,0,,,,,,,,,,,,107555,,,12705,,,,,,,0,,,,,K019228,1,,,,IN,100,M1N0014,,KWS103000-500-005-12-RBCN,PRODUCTO TERMINADO,,,,1043,SNK General Purpose PFD-Blue Adult Oversize Cut/Screen/Sew,MX,,PZ,,,,,,,,,,,,,,,,,,,0.448,SNK General Purpose PFD-Blue Adult Oversize Cut/Screen/Sew,,,,,,,,,,,KWS103000-500-005-12,RBCN,,1,,1,,,,,,,,,,,1.74,2.108
107555,61,1043,,140,VISA,CRISTINA SANCHEZ,IMP/EXP,,active,2025-01-27,0000-00-00 00:00:00,2025-01-24 18:01:22,0000-00-00 00:00:00,0,,,,,,,,,0000-00-00 00:00:00,1001185,KWS103000-500-005-12-RBCN,100,0,,2025-01-21 20:45:45,,1,1,,,6,107,0,,,,,,,,,,,,107555,,,12705,,,,,,,0,,,,,K019228,1,,,,IN,100,M1N0014,,KWS103000-500-005-12-RBCN,PRODUCTO TERMINADO,,,,1043,SNK General Purpose PFD-Blue Adult Oversize Cut/Screen/Sew,MX,,PZ,,,,,,,,,,,,,,,,,,,0.448,SNK General Purpose PFD-Blue Adult Oversize Cut/Screen/Sew,,,,,,,,,,,KWS103000-500-005-12,RBCN,,1,,1,,,,,,,,,,,1.74,2.108
107555,61,1043,,140,VISA,CRISTINA SANCHEZ,IMP/EXP,,active,2025-01-27,0000-00-00 00:00:00,2025-01-24 18:01:22,0000-00-00 00:00:00,0,,,,,,,,,0000-00-00 00:00:00,1001186,KWS103000-500-005-12-RBCN,100,0,,2025-01-21 20:45:46,,1,1,,,6,108,0,,,,,,,,,,,,107555,,,12705,,,,,,,0,,,,,K019228,1,,,,IN,100,M1N0014,,KWS103000-500-005-12-RBCN,PRODUCTO TERMINADO,,,,1043,SNK General Purpose PFD-Blue Adult Oversize Cut/Screen/Sew,MX,,PZ,,,,,,,,,,,,,,,,,,,0.448,SNK General Purpose PFD-Blue Adult Oversize Cut/Screen/Sew,,,,,,,,,,,KWS103000-500-005-12,RBCN,,1,,1,,,,,,,,,,,1.74,2.108
107555,61,1043,,140,VISA,CRISTINA SANCHEZ,IMP/EXP,,active,2025-01-27,0000-00-00 00:00:00,2025-01-24 18:01:22,0000-00-00 00:00:00,0,,,,,,,,,0000-00-00 00:00:00,1001187,KWS103000-500-005-12-RBCN,100,0,,2025-01-21 20:45:46,,1,1,,,6,95,0,,,,,,,,,,,,107555,,,12705,,,,,,,0,,,,,K019228,1,,,,IN,100,M1N0013,,KWS103000-500-005-12-RBCN,PRODUCTO TERMINADO,,,,1043,SNK General Purpose PFD-Blue Adult Oversize Cut/Screen/Sew,MX,,PZ,,,,,,,,,,,,,,,,,,,0.448,SNK General Purpose PFD-Blue Adult Oversize Cut/Screen/Sew,,,,,,,,,,,KWS103000-500-005-12,RBCN,,1,,1,,,,,,,,,,,1.74,2.108
107555,61,1043,,140,VISA,CRISTINA SANCHEZ,IMP/EXP,,active,2025-01-27,0000-00-00 00:00:00,2025-01-24 18:01:22,0000-00-00 00:00:00,0,,,,,,,,,0000-00-00 00:00:00,1001188,KWS103000-500-005-12-RBCN,100,0,,2025-01-21 20:45:46,,1,1,,,6,96,0,,,,,,,,,,,,107555,,,12705,,,,,,,0,,,,,K019228,1,,,,IN,100,M1N0013,,KWS103000-500-005-12-RBCN,PRODUCTO TERMINADO,,,,1043,SNK General Purpose PFD-Blue Adult Oversize Cut/Screen/Sew,MX,,PZ,,,,,,,,,,,,,,,,,,,0.448,SNK General Purpose PFD-Blue Adult Oversize Cut/Screen/Sew,,,,,,,,,,,KWS103000-500-005-12,RBCN,,1,,1,,,,,,,,,,,1.74,2.108
107555,61,1043,,140,VISA,CRISTINA SANCHEZ,IMP/EXP,,active,2025-01-27,0000-00-00 00:00:00,2025-01-24 18:01:22,0000-00-00 00:00:00,0,,,,,,,,,0000-00-00 00:00:00,1001189,KWS103000-500-005-12-RBCN,100,0,,2025-01-21 20:45:46,,1,1,,,6,97,0,,,,,,,,,,,,107555,,,12705,,,,,,,0,,,,,K019228,1,,,,IN,100,M1N0013,,KWS103000-500-005-12-RBCN,PRODUCTO TERMINADO,,,,1043,SNK General Purpose PFD-Blue Adult Oversize Cut/Screen/Sew,MX,,PZ,,,,,,,,,,,,,,,,,,,0.448,SNK General Purpose PFD-Blue Adult Oversize Cut/Screen/Sew,,,,,,,,,,,KWS103000-500-005-12,RBCN,,1,,1,,,,,,,,,,,1.74,2.108
107555,61,1043,,140,VISA,CRISTINA SANCHEZ,IMP/EXP,,active,2025-01-27,0000-00-00 00:00:00,2025-01-24 18:01:22,0000-00-00 00:00:00,0,,,,,,,,,0000-00-00 00:00:00,1001190,KWS103000-500-005-12-RBCN,100,0,,2025-01-21 20:45:47,,1,1,,,6,98,0,,,,,,,,,,,,107555,,,12705,,,,,,,0,,,,,K019228,1,,,,IN,100,M1N0013,,KWS103000-500-005-12-RBCN,PRODUCTO TERMINADO,,,,1043,SNK General Purpose PFD-Blue Adult Oversize Cut/Screen/Sew,MX,,PZ,,,,,,,,,,,,,,,,,,,0.448,SNK General Purpose PFD-Blue Adult Oversize Cut/Screen/Sew,,,,,,,,,,,KWS103000-500-005-12,RBCN,,1,,1,,,,,,,,,,,1.74,2.108
107555,61,1043,,140,VISA,CRISTINA SANCHEZ,IMP/EXP,,active,2025-01-27,0000-00-00 00:00:00,2025-01-24 18:01:22,0000-00-00 00:00:00,0,,,,,,,,,0000-00-00 00:00:00,1001191,KWS103000-500-005-12-RBCN,100,0,,2025-01-21 20:45:47,,1,1,,,6,99,0,,,,,,,,,,,,107555,,,12705,,,,,,,0,,,,,K019228,1,,,,IN,100,M1N0013,,KWS103000-500-005-12-RBCN,PRODUCTO TERMINADO,,,,1043,SNK General Purpose PFD-Blue Adult Oversize Cut/Screen/Sew,MX,,PZ,,,,,,,,,,,,,,,,,,,0.448,SNK General Purpose PFD-Blue Adult Oversize Cut/Screen/Sew,,,,,,,,,,,KWS103000-500-005-12,RBCN,,1,,1,,,,,,,,,,,1.74,2.108
107555,61,1043,,140,VISA,CRISTINA SANCHEZ,IMP/EXP,,active,2025-01-27,0000-00-00 00:00:00,2025-01-24 18:01:22,0000-00-00 00:00:00,0,,,,,,,,,0000-00-00 00:00:00,1001192,KWS103000-500-005-12-RBCN,100,0,,2025-01-21 20:45:47,,1,1,,,6,100,0,,,,,,,,,,,,107555,,,12705,,,,,,,0,,,,,K019228,1,,,,IN,100,M1N0013,,KWS103000-500-005-12-RBCN,PRODUCTO TERMINADO,,,,1043,SNK General Purpose PFD-Blue Adult Oversize Cut/Screen/Sew,MX,,PZ,,,,,,,,,,,,,,,,,,,0.448,SNK General Purpose PFD-Blue Adult Oversize Cut/Screen/Sew,,,,,,,,,,,KWS103000-500-005-12,RBCN,,1,,1,,,,,,,,,,,1.74,2.108
107555,61,1043,,140,VISA,CRISTINA SANCHEZ,IMP/EXP,,active,2025-01-27,0000-00-00 00:00:00,2025-01-24 18:01:22,0000-00-00 00:00:00,0,,,,,,,,,0000-00-00 00:00:00,1001193,KWS103000-500-005-12-RBCN,100,0,,2025-01-21 20:45:48,,1,1,,,6,101,0,,,,,,,,,,,,107555,,,12705,,,,,,,0,,,,,K019228,1,,,,IN,100,M1N0013,,KWS103000-500-005-12-RBCN,PRODUCTO TERMINADO,,,,1043,SNK General Purpose PFD-Blue Adult Oversize Cut/Screen/Sew,MX,,PZ,,,,,,,,,,,,,,,,,,,0.448,SNK General Purpose PFD-Blue Adult Oversize Cut/Screen/Sew,,,,,,,,,,,KWS103000-500-005-12,RBCN,,1,,1,,,,,,,,,,,1.74,2.108
107555,61,1043,,140,VISA,CRISTINA SANCHEZ,IMP/EXP,,active,2025-01-27,0000-00-00 00:00:00,2025-01-24 18:01:22,0000-00-00 00:00:00,0,,,,,,,,,0000-00-00 00:00:00,1001194,KWS103000-500-005-12-RBCN,100,0,,2025-01-21 20:45:48,,1,1,,,6,102,0,,,,,,,,,,,,107555,,,12705,,,,,,,0,,,,,K019228,1,,,,IN,100,M1N0013,,KWS103000-500-005-12-RBCN,PRODUCTO TERMINADO,,,,1043,SNK General Purpose PFD-Blue Adult Oversize Cut/Screen/Sew,MX,,PZ,,,,,,,,,,,,,,,,,,,0.448,SNK General Purpose PFD-Blue Adult Oversize Cut/Screen/Sew,,,,,,,,,,,KWS103000-500-005-12,RBCN,,1,,1,,,,,,,,,,,1.74,2.108
107555,61,1043,,140,VISA,CRISTINA SANCHEZ,IMP/EXP,,active,2025-01-27,0000-00-00 00:00:00,2025-01-24 18:01:22,0000-00-00 00:00:00,0,,,,,,,,,0000-00-00 00:00:00,1001195,KWS103000-500-005-12-RBCN,100,0,,2025-01-21 20:45:48,,1,1,,,6,103,0,,,,,,,,,,,,107555,,,12705,,,,,,,0,,,,,K019228,1,,,,IN,100,M1N0013,,KWS103000-500-005-12-RBCN,PRODUCTO TERMINADO,,,,1043,SNK General Purpose PFD-Blue Adult Oversize Cut/Screen/Sew,MX,,PZ,,,,,,,,,,,,,,,,,,,0.448,SNK General Purpose PFD-Blue Adult Oversize Cut/Screen/Sew,,,,,,,,,,,KWS103000-500-005-12,RBCN,,1,,1,,,,,,,,,,,1.74,2.108
107555,61,1043,,140,VISA,CRISTINA SANCHEZ,IMP/EXP,,active,2025-01-27,0000-00-00 00:00:00,2025-01-24 18:01:22,0000-00-00 00:00:00,0,,,,,,,,,0000-00-00 00:00:00,1001196,KWS103000-500-005-12-RBCN,100,0,,2025-01-21 20:45:49,,1,1,,,6,104,0,,,,,,,,,,,,107555,,,12705,,,,,,,0,,,,,K019228,1,,,,IN,100,M1N0013,,KWS103000-500-005-12-RBCN,PRODUCTO TERMINADO,,,,1043,SNK General Purpose PFD-Blue Adult Oversize Cut/Screen/Sew,MX,,PZ,,,,,,,,,,,,,,,,,,,0.448,SNK General Purpose PFD-Blue Adult Oversize Cut/Screen/Sew,,,,,,,,,,,KWS103000-500-005-12,RBCN,,1,,1,,,,,,,,,,,1.74,2.108
107555,61,1043,,140,VISA,CRISTINA SANCHEZ,IMP/EXP,,active,2025-01-27,0000-00-00 00:00:00,2025-01-24 18:01:22,0000-00-00 00:00:00,0,,,,,,,,,0000-00-00 00:00:00,1001436,KWPL-PALLET,8,0,,2025-01-23 14:49:23,,1,1,,,0,0,0,,,,,,,,,,,,107555,,,0,,,,,,,0,,,,,0,1,,,,IN,8,0,0,KWPL-PALLET,MATERIA,,,,1043,PLASTIC PALLET,US,USA,PCS,PZ,1,3923909900,3923.90.0080,PROLYE,M,I,I,IN,IN,3464,,,2022-03-16 16:08:40,public@parasql.com;lat=NULL&lon=NULL;1706228447719;database/signatures/45b719c8-7f97-43ea-b5ad-10b65483311d.png;https://storage.googleapis.com/db11423.storage.parasql.com/database/signatures/45b719c8-7f97-43ea-b5ad-10b65483311d-thumbnail.png,1,1,1,27,PLASTIC PALLET,TARIMA DE PLASTICO PARA EMPAQUE,PLASTIC PALLET,Scan01-26-2024-001538.pdf;63555;1706228430434;database/files/2548e465-7d82-4272-81d7-c8d4301ab909.pdf,PL-PALLET.jpg;289914;1647461913217;database/images/62e79b5f-8905-412a-9bea-400101a91b12.jpg;https://storage.googleapis.com/db11423.storage.parasql.com/database/images/62e79b5f-8905-412a-9bea-400101a91b12-thumbnail.jpg,1,2022-08-19 17:01:36,lsalazar,,12.247,1,KWPL-PALLET,,1,1,2022-03-16 14:02:52,1,2022-03-16 16:21:50,0,,cbuentello,231,1006,15589,1006,,,,
107555,61,1043,,140,VISA,CRISTINA SANCHEZ,IMP/EXP,,active,2025-01-27,0000-00-00 00:00:00,2025-01-24 18:01:22,0000-00-00 00:00:00,0,,,,,,,,,0000-00-00 00:00:00,1001437,KW16.5X18X24,138,0,,2025-01-23 14:49:23,,1,1,,,0,0,0,,,,,,,,,,,,107555,,,0,,,,,,,0,,,,,0,1,,,,IN,138,0,0,KW16.5X18X24,MATERIA,,,,1043,CORRUGATED CARTON BOX,US,USA,PCS,PZ,1,4819100100,4819.10.0040,PROLYE,M,I,,IN,IN,3449,,,2024-01-30 15:37:06,public@parasql.com;lat=NULL&lon=NULL;1706650622886;database/signatures/83b6bdb4-3963-4989-b798-3c2033909c2a.png;https://storage.googleapis.com/db11423.storage.parasql.com/database/signatures/83b6bdb4-3963-4989-b798-3c2033909c2a-thumbnail.png,1,0,2.16,2.35,CORRUGATED CARTON BOX,CAJAS DE CARTON CORRUGADO,,COO Novalink 1-26-24 boxes.pdf;656932;1706649945135;database/files/385b9d0f-88c7-4980-b3e5-4806eafc627a.pdf,16.5x18x24.jpg;77075;1706650024724;database/images/8ce62939-38ac-4450-9800-f50e6fa43122.jpg;https://storage.googleapis.com/db11423.storage.parasql.com/database/images/8ce62939-38ac-4450-9800-f50e6fa43122-thumbnail.jpg,1,2024-01-30 22:58:56,lfranco,,1.06596,2.16,KW16.5X18X24,,,1,2024-01-30 15:16:46,1,2024-01-30 16:13:04,0,,cbuentello,231,1006,15589,1006,,,,
107555,61,1043,,140,VISA,CRISTINA SANCHEZ,IMP/EXP,,active,2025-01-27,0000-00-00 00:00:00,2025-01-24 18:01:22,0000-00-00 00:00:00,0,,,,,,,,,0000-00-00 00:00:00,1001438,KWS103000-500-001-12-RBCN,40,0,,2025-01-23 14:49:23,,1,1,,,8,138,0,,,,,,,,,,,,107555,,,12703,,,,,,,0,,,,,K019228,1,,,,IN,40,M1N0008,,KWS103000-500-001-12-RBCN,PRODUCTO TERMINADO,,,,1043,SKN General Purpose PFD -Blue Child Cut/Screen/Sew,MX,,PZ,,,,,,,,,,,,,,,,,,,0.24,SKN General Purpose PFD -Blue Child Cut/Screen/Sew,,,,,,,,,,,KWS103000-500-001-12,RBCN,,1,,1,,,,,,,,,,,1.01,2.108
107555,61,1043,,140,VISA,CRISTINA SANCHEZ,IMP/EXP,,active,2025-01-27,0000-00-00 00:00:00,2025-01-24 18:01:22,0000-00-00 00:00:00,0,,,,,,,,,0000-00-00 00:00:00,1001439,KWS103000-500-001-12-RBCN,160,0,,2025-01-23 14:49:23,,1,1,,,8,132,0,,,,,,,,,,,,107555,,,12703,,,,,,,0,,,,,K019228,1,,,,IN,160,M1N0008,,KWS103000-500-001-12-RBCN,PRODUCTO TERMINADO,,,,1043,SKN General Purpose PFD -Blue Child Cut/Screen/Sew,MX,,PZ,,,,,,,,,,,,,,,,,,,0.24,SKN General Purpose PFD -Blue Child Cut/Screen/Sew,,,,,,,,,,,KWS103000-500-001-12,RBCN,,1,,1,,,,,,,,,,,1.01,2.108
107555,61,1043,,140,VISA,CRISTINA SANCHEZ,IMP/EXP,,active,2025-01-27,0000-00-00 00:00:00,2025-01-24 18:01:22,0000-00-00 00:00:00,0,,,,,,,,,0000-00-00 00:00:00,1001440,KWS103000-500-001-12-RBCN,160,0,,2025-01-23 14:49:24,,1,1,,,8,133,0,,,,,,,,,,,,107555,,,12703,,,,,,,0,,,,,K019228,1,,,,IN,160,M1N0008,,KWS103000-500-001-12-RBCN,PRODUCTO TERMINADO,,,,1043,SKN General Purpose PFD -Blue Child Cut/Screen/Sew,MX,,PZ,,,,,,,,,,,,,,,,,,,0.24,SKN General Purpose PFD -Blue Child Cut/Screen/Sew,,,,,,,,,,,KWS103000-500-001-12,RBCN,,1,,1,,,,,,,,,,,1.01,2.108
107555,61,1043,,140,VISA,CRISTINA SANCHEZ,IMP/EXP,,active,2025-01-27,0000-00-00 00:00:00,2025-01-24 18:01:22,0000-00-00 00:00:00,0,,,,,,,,,0000-00-00 00:00:00,1001441,KWS103000-500-001-12-RBCN,160,0,,2025-01-23 14:49:24,,1,1,,,8,134,0,,,,,,,,,,,,107555,,,12703,,,,,,,0,,,,,K019228,1,,,,IN,160,M1N0008,,KWS103000-500-001-12-RBCN,PRODUCTO TERMINADO,,,,1043,SKN General Purpose PFD -Blue Child Cut/Screen/Sew,MX,,PZ,,,,,,,,,,,,,,,,,,,0.24,SKN General Purpose PFD -Blue Child Cut/Screen/Sew,,,,,,,,,,,KWS103000-500-001-12,RBCN,,1,,1,,,,,,,,,,,1.01,2.108
107555,61,1043,,140,VISA,CRISTINA SANCHEZ,IMP/EXP,,active,2025-01-27,0000-00-00 00:00:00,2025-01-24 18:01:22,0000-00-00 00:00:00,0,,,,,,,,,0000-00-00 00:00:00,1001442,KWS103000-500-001-12-RBCN,160,0,,2025-01-23 14:49:24,,1,1,,,8,135,0,,,,,,,,,,,,107555,,,12703,,,,,,,0,,,,,K019228,1,,,,IN,160,M1N0008,,KWS103000-500-001-12-RBCN,PRODUCTO TERMINADO,,,,1043,SKN General Purpose PFD -Blue Child Cut/Screen/Sew,MX,,PZ,,,,,,,,,,,,,,,,,,,0.24,SKN General Purpose PFD -Blue Child Cut/Screen/Sew,,,,,,,,,,,KWS103000-500-001-12,RBCN,,1,,1,,,,,,,,,,,1.01,2.108
107555,61,1043,,140,VISA,CRISTINA SANCHEZ,IMP/EXP,,active,2025-01-27,0000-00-00 00:00:00,2025-01-24 18:01:22,0000-00-00 00:00:00,0,,,,,,,,,0000-00-00 00:00:00,1001443,KWS103000-500-001-12-RBCN,160,0,,2025-01-23 14:49:25,,1,1,,,8,136,0,,,,,,,,,,,,107555,,,12703,,,,,,,0,,,,,K019228,1,,,,IN,160,M1N0008,,KWS103000-500-001-12-RBCN,PRODUCTO TERMINADO,,,,1043,SKN General Purpose PFD -Blue Child Cut/Screen/Sew,MX,,PZ,,,,,,,,,,,,,,,,,,,0.24,SKN General Purpose PFD -Blue Child Cut/Screen/Sew,,,,,,,,,,,KWS103000-500-001-12,RBCN,,1,,1,,,,,,,,,,,1.01,2.108
107555,61,1043,,140,VISA,CRISTINA SANCHEZ,IMP/EXP,,active,2025-01-27,0000-00-00 00:00:00,2025-01-24 18:01:22,0000-00-00 00:00:00,0,,,,,,,,,0000-00-00 00:00:00,1001444,KWS103000-500-001-12-RBCN,160,0,,2025-01-23 14:49:25,,1,1,,,8,137,0,,,,,,,,,,,,107555,,,12703,,,,,,,0,,,,,K019228,1,,,,IN,160,M1N0008,,KWS103000-500-001-12-RBCN,PRODUCTO TERMINADO,,,,1043,SKN General Purpose PFD -Blue Child Cut/Screen/Sew,MX,,PZ,,,,,,,,,,,,,,,,,,,0.24,SKN General Purpose PFD -Blue Child Cut/Screen/Sew,,,,,,,,,,,KWS103000-500-001-12,RBCN,,1,,1,,,,,,,,,,,1.01,2.108
107555,61,1043,,140,VISA,CRISTINA SANCHEZ,IMP/EXP,,active,2025-01-27,0000-00-00 00:00:00,2025-01-24 18:01:22,0000-00-00 00:00:00,0,,,,,,,,,0000-00-00 00:00:00,1001445,KWS103000-500-001-12-RBCN,40,0,,2025-01-23 14:49:25,,1,1,,,8,131,0,,,,,,,,,,,,107555,,,12703,,,,,,,0,,,,,K019228,1,,,,IN,40,M1N0007,,KWS103000-500-001-12-RBCN,PRODUCTO TERMINADO,,,,1043,SKN General Purpose PFD -Blue Child Cut/Screen/Sew,MX,,PZ,,,,,,,,,,,,,,,,,,,0.24,SKN General Purpose PFD -Blue Child Cut/Screen/Sew,,,,,,,,,,,KWS103000-500-001-12,RBCN,,1,,1,,,,,,,,,,,1.01,2.108
107555,61,1043,,140,VISA,CRISTINA SANCHEZ,IMP/EXP,,active,2025-01-27,0000-00-00 00:00:00,2025-01-24 18:01:22,0000-00-00 00:00:00,0,,,,,,,,,0000-00-00 00:00:00,1001446,KWS103000-500-001-12-RBCN,160,0,,2025-01-23 14:49:26,,1,1,,,8,127,0,,,,,,,,,,,,107555,,,12703,,,,,,,0,,,,,K019228,1,,,,IN,160,M1N0007,,KWS103000-500-001-12-RBCN,PRODUCTO TERMINADO,,,,1043,SKN General Purpose PFD -Blue Child Cut/Screen/Sew,MX,,PZ,,,,,,,,,,,,,,,,,,,0.24,SKN General Purpose PFD -Blue Child Cut/Screen/Sew,,,,,,,,,,,KWS103000-500-001-12,RBCN,,1,,1,,,,,,,,,,,1.01,2.108
107555,61,1043,,140,VISA,CRISTINA SANCHEZ,IMP/EXP,,active,2025-01-27,0000-00-00 00:00:00,2025-01-24 18:01:22,0000-00-00 00:00:00,0,,,,,,,,,0000-00-00 00:00:00,1001447,KWS103000-500-001-12-RBCN,160,0,,2025-01-23 14:49:26,,1,1,,,8,128,0,,,,,,,,,,,,107555,,,12703,,,,,,,0,,,,,K019228,1,,,,IN,160,M1N0007,,KWS103000-500-001-12-RBCN,PRODUCTO TERMINADO,,,,1043,SKN General Purpose PFD -Blue Child Cut/Screen/Sew,MX,,PZ,,,,,,,,,,,,,,,,,,,0.24,SKN General Purpose PFD -Blue Child Cut/Screen/Sew,,,,,,,,,,,KWS103000-500-001-12,RBCN,,1,,1,,,,,,,,,,,1.01,2.108
107555,61,1043,,140,VISA,CRISTINA SANCHEZ,IMP/EXP,,active,2025-01-27,0000-00-00 00:00:00,2025-01-24 18:01:22,0000-00-00 00:00:00,0,,,,,,,,,0000-00-00 00:00:00,1001448,KWS103000-500-001-12-RBCN,160,0,,2025-01-23 14:49:26,,1,1,,,8,129,0,,,,,,,,,,,,107555,,,12703,,,,,,,0,,,,,K019228,1,,,,IN,160,M1N0007,,KWS103000-500-001-12-RBCN,PRODUCTO TERMINADO,,,,1043,SKN General Purpose PFD -Blue Child Cut/Screen/Sew,MX,,PZ,,,,,,,,,,,,,,,,,,,0.24,SKN General Purpose PFD -Blue Child Cut/Screen/Sew,,,,,,,,,,,KWS103000-500-001-12,RBCN,,1,,1,,,,,,,,,,,1.01,2.108
107555,61,1043,,140,VISA,CRISTINA SANCHEZ,IMP/EXP,,active,2025-01-27,0000-00-00 00:00:00,2025-01-24 18:01:22,0000-00-00 00:00:00,0,,,,,,,,,0000-00-00 00:00:00,1001449,KWS103000-500-001-12-RBCN,160,0,,2025-01-23 14:49:26,,1,1,,,8,130,0,,,,,,,,,,,,107555,,,12703,,,,,,,0,,,,,K019228,1,,,,IN,160,M1N0007,,KWS103000-500-001-12-RBCN,PRODUCTO TERMINADO,,,,1043,SKN General Purpose PFD -Blue Child Cut/Screen/Sew,MX,,PZ,,,,,,,,,,,,,,,,,,,0.24,SKN General Purpose PFD -Blue Child Cut/Screen/Sew,,,,,,,,,,,KWS103000-500-001-12,RBCN,,1,,1,,,,,,,,,,,1.01,2.108
107555,61,1043,,140,VISA,CRISTINA SANCHEZ,IMP/EXP,,active,2025-01-27,0000-00-00 00:00:00,2025-01-24 18:01:22,0000-00-00 00:00:00,0,,,,,,,,,0000-00-00 00:00:00,1001450,KWS103000-500-001-12-RBCN,160,0,,2025-01-23 14:49:27,,1,1,,,7,125,0,,,,,,,,,,,,107555,,,12703,,,,,,,0,,,,,K019228,1,,,,IN,160,M1N0007,,KWS103000-500-001-12-RBCN,PRODUCTO TERMINADO,,,,1043,SKN General Purpose PFD -Blue Child Cut/Screen/Sew,MX,,PZ,,,,,,,,,,,,,,,,,,,0.24,SKN General Purpose PFD -Blue Child Cut/Screen/Sew,,,,,,,,,,,KWS103000-500-001-12,RBCN,,1,,1,,,,,,,,,,,1.01,2.108
107555,61,1043,,140,VISA,CRISTINA SANCHEZ,IMP/EXP,,active,2025-01-27,0000-00-00 00:00:00,2025-01-24 18:01:22,0000-00-00 00:00:00,0,,,,,,,,,0000-00-00 00:00:00,1001451,KWS103000-500-001-12-RBCN,160,0,,2025-01-23 14:49:27,,1,1,,,7,126,0,,,,,,,,,,,,107555,,,12703,,,,,,,0,,,,,K019228,1,,,,IN,160,M1N0007,,KWS103000-500-001-12-RBCN,PRODUCTO TERMINADO,,,,1043,SKN General Purpose PFD -Blue Child Cut/Screen/Sew,MX,,PZ,,,,,,,,,,,,,,,,,,,0.24,SKN General Purpose PFD -Blue Child Cut/Screen/Sew,,,,,,,,,,,KWS103000-500-001-12,RBCN,,1,,1,,,,,,,,,,,1.01,2.108
